id,business_id,name,description,image_url,price,category_id,is_available,is_featured,variants,nutritional_info,allergens,display_order,created_at,updated_at,product_type,requires_prescription,age_restriction,max_quantity_per_order,requires_pharmacist_validation,sku,sat_id
9bd6354a-523c-4bf2-9106-81613b0d50af,4ed0decf-6d29-4681-aa9d-39bc7b8a7e58,PARRILLA CON LUCES LED TOYOTA TACOMA,,,0.00,,true,false,,,,0,2026-02-08 21:39:17.765159,2026-02-08 21:39:17.765159,refaccion,false,,,false,1001153102,25172600
53ad827e-0f9d-4010-8cab-766cf1528035,4ed0decf-6d29-4681-aa9d-39bc7b8a7e58,LUCES DRL PARA TOYOTA TACOMA,,,0.00,,true,false,,,,0,2026-02-08 21:39:17.765159,2026-02-08 21:39:17.765159,refaccion,false,,,false,1001181110,39112102
a61b3811-09c2-43ed-9097-3fcd7ddde0c0,4ed0decf-6d29-4681-aa9d-39bc7b8a7e58,THULE FORCE XTM PARA TOYOTA,,,0.00,,true,false,,,,0,2026-02-08 21:39:17.765159,2026-02-08 21:39:17.765159,refaccion,false,,,false,2089821000,25174800
1a9e9111-1fc5-47d6-b939-e5553b4c6cbc,4ed0decf-6d29-4681-aa9d-39bc7b8a7e58,UNDERCOVER ULTRA FLEX PARA TOYOTA TACOMA,,,0.00,,true,false,,,,0,2026-02-08 21:39:17.765159,2026-02-08 21:39:17.765159,refaccion,false,,,false,20989000UDFX,25172600
beb46541-5691-4de0-a8cb-c89327aab33f,4ed0decf-6d29-4681-aa9d-39bc7b8a7e58,TAPA ULTRA FLEX PARA TOYOTA HILUX,,,0.00,,true,false,,,,0,2026-02-08 21:39:17.765159,2026-02-08 21:39:17.765159,refaccion,false,,,false,20989000UF,25172600
f8407dbb-bd3a-4f0e-a540-68e6c7f18eb0,4ed0decf-6d29-4681-aa9d-39bc7b8a7e58,KIT DE INSTALACION CAPROCK CROSSBAR,,,0.00,,true,false,,,,0,2026-02-08 21:39:17.765159,2026-02-08 21:39:17.765159,refaccion,false,,,false,2098900444KI,25172600
67798484-adfb-4553-80cf-cae4ad9a38e9,4ed0decf-6d29-4681-aa9d-39bc7b8a7e58,CANASTILLA PARA TOYOTA XT,,,0.00,,true,false,,,,0,2026-02-08 21:39:17.765159,2026-02-08 21:39:17.765159,refaccion,false,,,false,2098900859TH,25172600
36dda839-1ad0-4eb6-b97b-ac64d2b6efe5,4ed0decf-6d29-4681-aa9d-39bc7b8a7e58,ESTRIBOS ELECTRICOS PARA TOYOTA,,,0.00,,true,false,,,,0,2026-02-08 21:39:17.765159,2026-02-08 21:39:17.765159,refaccion,false,,,false,209890099EV,25172603
3554ec6c-fb64-4a25-8224-a267029a93ae,4ed0decf-6d29-4681-aa9d-39bc7b8a7e58,ROLL BAR SPORT 2.0 (FULL SIZE) PARA TOYOTA,,,0.00,,true,false,,,,0,2026-02-08 21:39:17.765159,2026-02-08 21:39:17.765159,refaccion,false,,,false,2098911011,25172600
6cf82e4e-a26a-4c13-8fab-6ad5f36ed6ea,4ed0decf-6d29-4681-aa9d-39bc7b8a7e58,BARRAS SPORT BAR 2.0 BLACK PARA TOYOTA,,,0.00,,true,false,,,,0,2026-02-08 21:39:17.765159,2026-02-08 21:39:17.765159,refaccion,false,,,false,2098911411,25172600
52c7900a-4cac-4fe7-acc9-e51bc2583789,4ed0decf-6d29-4681-aa9d-39bc7b8a7e58,JUEGO BARRA DE ALUMINIO WINGBAR TOYOTA,,,0.00,,true,false,,,,0,2026-02-08 21:39:17.765159,2026-02-08 21:39:17.765159,refaccion,false,,,false,2098920767,20122001
6d6fc9d6-7f72-4ada-9eb5-faa8a0ee90e3,4ed0decf-6d29-4681-aa9d-39bc7b8a7e58,HITCH TIRON CLASE III PARA TOYOTA,,,0.00,,true,false,,,,0,2026-02-08 21:39:17.765159,2026-02-08 21:39:17.765159,refaccion,false,,,false,2098952023,25174803
f004e674-172b-43f5-940f-419de790d985,4ed0decf-6d29-4681-aa9d-39bc7b8a7e58,SPORT BAR 2.0 PARA NEW TOYOTA TACOMA,,,0.00,,true,false,,,,0,2026-02-08 21:39:17.765159,2026-02-08 21:39:17.765159,refaccion,false,,,false,2098963111,25172600
2c8a8ce0-60e5-4729-be65-371ebf308034,4ed0decf-6d29-4681-aa9d-39bc7b8a7e58,BEDLINER CON LOGO PARA TOYOTA HILUX,,,0.00,,true,false,,,,0,2026-02-08 21:39:17.765159,2026-02-08 21:39:17.765159,refaccion,false,,,false,2098965311,25172600
0e5741ea-8537-40dd-9aea-256bb7580fd3,4ed0decf-6d29-4681-aa9d-39bc7b8a7e58,KIT MOUNTS,,,0.00,,true,false,,,,0,2026-02-08 21:39:17.765159,2026-02-08 21:39:17.765159,refaccion,false,,,false,209896BCCA,20121445
d78ab622-d485-45f4-8173-738132530019,4ed0decf-6d29-4681-aa9d-39bc7b8a7e58,THULE REFACCION,,,0.00,,true,false,,,,0,2026-02-08 21:39:17.765159,2026-02-08 21:39:17.765159,refaccion,false,,,false,209896THR1,20121445
25ba0400-5b3e-43ce-8613-db807b5b642d,4ed0decf-6d29-4681-aa9d-39bc7b8a7e58,ROLL AND LOCK XT TOYOTA TACOMA 5FT NEW,,,0.00,,true,false,,,,0,2026-02-08 21:39:17.765159,2026-02-08 21:39:17.765159,refaccion,false,,,false,2098977007,25172600
fbdc9f82-d5a1-49c6-92da-b23d4b9ecbd4,4ed0decf-6d29-4681-aa9d-39bc7b8a7e58,HUSKY AEROSKIN LOW HOOD HILUX,,,0.00,,true,false,,,,0,2026-02-08 21:39:17.765159,2026-02-08 21:39:17.765159,refaccion,false,,,false,20989AEROSHX,25172600
9e9c4fad-73ad-48a5-b543-d777967dd33c,4ed0decf-6d29-4681-aa9d-39bc7b8a7e58,HUSKY AEROSKIN LOW HOOD RAV 4,,,0.00,,true,false,,,,0,2026-02-08 21:39:17.765159,2026-02-08 21:39:17.765159,refaccion,false,,,false,20989AEROSR4,25172600
d3f3f491-8667-498f-91cc-aeed207e8a49,4ed0decf-6d29-4681-aa9d-39bc7b8a7e58,HUSKY AEROSKIN LOW HOOD TACOMA,,,0.00,,true,false,,,,0,2026-02-08 21:39:17.765159,2026-02-08 21:39:17.765159,refaccion,false,,,false,20989AEROSTA,25172600
196753bf-44b1-4acb-9564-0c74432a2d41,4ed0decf-6d29-4681-aa9d-39bc7b8a7e58,20989ASA00TN,,,0.00,,true,false,,,,0,2026-02-08 21:39:17.765159,2026-02-08 21:39:17.765159,refaccion,false,,,false,20989ASA00TN,25174803
04dc0410-f696-4c7e-927e-befc6211e5ea,4ed0decf-6d29-4681-aa9d-39bc7b8a7e58,BASES (BRACKETS) PARA FAROS RGBW,,,0.00,,true,false,,,,0,2026-02-08 21:39:17.765159,2026-02-08 21:39:17.765159,refaccion,false,,,false,20989BA0FARG,25172901
6551005d-a60f-41fe-821c-fe39b4c1a3bf,4ed0decf-6d29-4681-aa9d-39bc7b8a7e58,BARRAS TRANSVERSALES PRIUS 25,,,0.00,,true,false,,,,0,2026-02-08 21:39:17.765159,2026-02-08 21:39:17.765159,refaccion,false,,,false,20989BA0PR,20122001
69939b5c-6871-4935-a793-858ca9989548,4ed0decf-6d29-4681-aa9d-39bc7b8a7e58,BOLSA THULE INTERSTATE PARA TOYOTA,,,0.00,,true,false,,,,0,2026-02-08 21:39:17.765159,2026-02-08 21:39:17.765159,refaccion,false,,,false,20989BOTHU,25172600
5735c599-62ab-4d0d-a303-8e0a5dbd1b11,4ed0decf-6d29-4681-aa9d-39bc7b8a7e58,CANTONERAS PARA HILUX,,,0.00,,true,false,,,,0,2026-02-08 21:39:17.765159,2026-02-08 21:39:17.765159,refaccion,false,,,false,20989CA0HX,25171700
7ac802c2-0192-4fb6-8ac5-38f295fc2e49,4ed0decf-6d29-4681-aa9d-39bc7b8a7e58,CAT PROTECTOR TOYOTA HILUX,,,0.00,,true,false,,,,0,2026-02-08 21:39:17.765159,2026-02-08 21:39:17.765159,refaccion,false,,,false,20989CATPRO,25172603
91cba39a-1d75-4459-b35e-c3642a91d0c8,4ed0decf-6d29-4681-aa9d-39bc7b8a7e58,XRS CROSS BAR KIT UNIVERSAL MID SIZE,,,0.00,,true,false,,,,0,2026-02-08 21:39:17.765159,2026-02-08 21:39:17.765159,refaccion,false,,,false,20989CBAR0MD,25174808
0cabf0fa-b621-4d84-bb88-dec1b9e240e4,4ed0decf-6d29-4681-aa9d-39bc7b8a7e58,ESTRIBOS ELECTRICOS NEW TOYOTA TACOMA,,,0.00,,true,false,,,,0,2026-02-08 21:39:17.765159,2026-02-08 21:39:17.765159,refaccion,false,,,false,20989ERB00TC,25172600
97777a55-e3b0-4aaa-8c11-7cdbc9ebb58e,4ed0decf-6d29-4681-aa9d-39bc7b8a7e58,ESTRIBOS ELECTRICOS PARA TOYOTA 4RUNNER,,,0.00,,true,false,,,,0,2026-02-08 21:39:17.765159,2026-02-08 21:39:17.765159,refaccion,false,,,false,20989ES0RUNN,25172600
0fa517c9-0fd8-4f00-a46b-b88c83e9b17e,4ed0decf-6d29-4681-aa9d-39bc7b8a7e58,FAROS RADIANCE RIGGID RGBW,,,0.00,,true,false,,,,0,2026-02-08 21:39:17.765159,2026-02-08 21:39:17.765159,refaccion,false,,,false,20989FA0RG,25172901
e60cedd3-cae7-494e-8e1f-2c82a737fad5,4ed0decf-6d29-4681-aa9d-39bc7b8a7e58,BAUL DE EQUIPAJE THULE MOTION 3 L TH PARA TOYOTA,,,0.00,,true,false,,,,0,2026-02-08 21:39:17.765159,2026-02-08 21:39:17.765159,refaccion,false,,,false,20989MT003,25174800
f0848a8a-ee13-49e2-8d07-dec7f8e5e4c1,4ed0decf-6d29-4681-aa9d-39bc7b8a7e58,PORTABICICLETAS THULE RANGE 4 BIKE PARA TOYOTA,,,0.00,,true,false,,,,0,2026-02-08 21:39:17.765159,2026-02-08 21:39:17.765159,refaccion,false,,,false,20989PB0004B,25172600
ad6142e5-53d1-4864-ac4a-3295cb09b9be,4ed0decf-6d29-4681-aa9d-39bc7b8a7e58,PORTABICICLETAS THULE VERSE 2,,,0.00,,true,false,,,,0,2026-02-08 21:39:17.765159,2026-02-08 21:39:17.765159,refaccion,false,,,false,20989PB0V2,22101719
c3f3a8d9-ad90-4181-b86e-e3d36c194769,4ed0decf-6d29-4681-aa9d-39bc7b8a7e58,PORTABICICLETAS THULE PRORIDE,,,0.00,,true,false,,,,0,2026-02-08 21:39:17.765159,2026-02-08 21:39:17.765159,refaccion,false,,,false,20989PBICIPRO,25172600
8974dbd1-f152-43b2-9167-508591e79ddd,4ed0decf-6d29-4681-aa9d-39bc7b8a7e58,ROLL BAR CROMADO PARA TOYOTA,,,0.00,,true,false,,,,0,2026-02-08 21:39:17.765159,2026-02-08 21:39:17.765159,refaccion,false,,,false,20989RB0CR,20122001
147431af-b65e-4535-a7b0-af3d792dd9b4,4ed0decf-6d29-4681-aa9d-39bc7b8a7e58,ROLL BAR TIPO A,,,0.00,,true,false,,,,0,2026-02-08 21:39:17.765159,2026-02-08 21:39:17.765159,refaccion,false,,,false,20989RB0PM,15131601
436b0551-3994-4dd0-8c3a-7d9f23a379a1,4ed0decf-6d29-4681-aa9d-39bc7b8a7e58,COMBO ARCOS TIRON+CAJA,,,0.00,,true,false,,,,0,2026-02-08 21:39:17.765159,2026-02-08 21:39:17.765159,refaccion,false,,,false,20989TC063,25174800
0acf514e-8ec8-4836-865a-321b336291d2,4ed0decf-6d29-4681-aa9d-39bc7b8a7e58,CUBIERTA DE LONA PARA BATEA HILUX,,,0.00,,true,false,,,,0,2026-02-08 21:39:17.765159,2026-02-08 21:39:17.765159,refaccion,false,,,false,20989TL0HX,25172600
2d43c93d-bdcf-4cda-a051-5244615aa217,4ed0decf-6d29-4681-aa9d-39bc7b8a7e58,BAUL THULE MOTION XXL TH PARA TOYOTA,,,0.00,,true,false,,,,0,2026-02-08 21:39:17.765159,2026-02-08 21:39:17.765159,refaccion,false,,,false,20989XXL00,25174800
fa9f567f-8386-4818-8d3f-04d7d364c881,4ed0decf-6d29-4681-aa9d-39bc7b8a7e58,RINES PARA TOYOTA SR,,,0.00,,true,false,,,,0,2026-02-08 21:39:17.765159,2026-02-08 21:39:17.765159,refaccion,false,,,false,2134642611,25172600
f3bc31df-d651-421f-88d4-9bde71ab69d6,4ed0decf-6d29-4681-aa9d-39bc7b8a7e58,ESTRIBOS PARA TOYOTA,,,0.00,,true,false,,,,0,2026-02-08 21:39:17.765159,2026-02-08 21:39:17.765159,refaccion,false,,,false,2134651773,25172600
b2b7f60b-642f-4040-81f6-d2fe5173e9b2,4ed0decf-6d29-4681-aa9d-39bc7b8a7e58,RINES PARA TOYOTA,,,0.00,,true,false,,,,0,2026-02-08 21:39:17.765159,2026-02-08 21:39:17.765159,refaccion,false,,,false,2134652119,25172600
0e473099-0f4c-47be-8921-f1f9bd7559d1,4ed0decf-6d29-4681-aa9d-39bc7b8a7e58,CANASTILLA UNIVERSAL SR,,,0.00,,true,false,,,,0,2026-02-08 21:39:17.765159,2026-02-08 21:39:17.765159,refaccion,false,,,false,2134675002,25172600
04f3fb4f-d35f-46e9-a7e8-1ff2fb4f54d8,4ed0decf-6d29-4681-aa9d-39bc7b8a7e58,BODY KIT NEW TOYOTA TACOMA,,,0.00,,true,false,,,,0,2026-02-08 21:39:17.765159,2026-02-08 21:39:17.765159,refaccion,false,,,false,2134675600,25172601
17ccc7b1-f2d3-4285-b022-678aae446d83,4ed0decf-6d29-4681-aa9d-39bc7b8a7e58,BODY KIT PARA TOYOTA,,,0.00,,true,false,,,,0,2026-02-08 21:39:17.765159,2026-02-08 21:39:17.765159,refaccion,false,,,false,2134675605,25172600
e8baa571-3967-4842-81d0-c2a8e4f0d4ba,4ed0decf-6d29-4681-aa9d-39bc7b8a7e58,DRL LUZ DE DIA PARA TOYOTA,,,0.00,,true,false,,,,0,2026-02-08 21:39:17.765159,2026-02-08 21:39:17.765159,refaccion,false,,,false,2134681210,25172900
4a5f5abd-7065-42c7-aecb-615670deda12,4ed0decf-6d29-4681-aa9d-39bc7b8a7e58,TAPETES USO RUDO AVANZA 5P,,,0.00,,true,false,,,,0,2026-02-08 21:39:17.765159,2026-02-08 21:39:17.765159,refaccion,false,,,false,21346AV206,25174418
edaa9bda-614d-406d-adbe-503054d5434b,4ed0decf-6d29-4681-aa9d-39bc7b8a7e58,TAPETES UNIVERSALES PARA TOYOTA,,,0.00,,true,false,,,,0,2026-02-08 21:39:17.765159,2026-02-08 21:39:17.765159,refaccion,false,,,false,21346PT206,25172600
9efb4d66-ba6f-4c04-beee-16fd8369196b,4ed0decf-6d29-4681-aa9d-39bc7b8a7e58,TAPETES PARA YARIS,,,0.00,,true,false,,,,0,2026-02-08 21:39:17.765159,2026-02-08 21:39:17.765159,refaccion,false,,,false,21346PT908,25174418
fa85bc16-e204-405b-888f-ea6d11d3ff05,4ed0decf-6d29-4681-aa9d-39bc7b8a7e58,TAPETES USO RUDO YARIS SEDAN 2024 COMP,,,0.00,,true,false,,,,0,2026-02-08 21:39:17.765159,2026-02-08 21:39:17.765159,refaccion,false,,,false,21346PT908CP,25174418
28160a14-1a73-43a7-9627-4756473b5355,4ed0decf-6d29-4681-aa9d-39bc7b8a7e58,TAPETES PARA TOYOTA RAIZE,,,0.00,,true,false,,,,0,2026-02-08 21:39:17.765159,2026-02-08 21:39:17.765159,refaccion,false,,,false,21346PT908RZ,25174418
2206bd08-fb9e-4e78-bdfc-f222f321f7c6,4ed0decf-6d29-4681-aa9d-39bc7b8a7e58,TAPETE USO RUDO PARA TOYOTA RAIZE,,,0.00,,true,false,,,,0,2026-02-08 21:39:17.765159,2026-02-08 21:39:17.765159,refaccion,false,,,false,21346PT908TR,25174418
69ba3d73-dad1-4d32-8e45-b03b441cc216,4ed0decf-6d29-4681-aa9d-39bc7b8a7e58,CAJA DE HERRAMIENTAS DE PLASTICO GRANDE,,,0.00,,true,false,,,,0,2026-02-08 21:39:17.765159,2026-02-08 21:39:17.765159,refaccion,false,,,false,244819CHPG,10111300
c0ffe6cc-0e65-4c61-9f87-595c25480c8b,4ed0decf-6d29-4681-aa9d-39bc7b8a7e58,SERVICIO DE PINTURA 5,,,0.00,,true,false,,,,0,2026-02-08 21:39:17.765159,2026-02-08 21:39:17.765159,refaccion,false,,,false,2924500005,73181104
ef0458b6-6e42-4180-a2a4-a07c8bd27220,4ed0decf-6d29-4681-aa9d-39bc7b8a7e58,SERVICIO DE PINTURA 6,,,0.00,,true,false,,,,0,2026-02-08 21:39:17.765159,2026-02-08 21:39:17.765159,refaccion,false,,,false,2924500006,73181104
9ff5ccd2-5e95-46ef-a31f-4c90142aead8,4ed0decf-6d29-4681-aa9d-39bc7b8a7e58,SERVICIO DE PINTURA 15,,,0.00,,true,false,,,,0,2026-02-08 21:39:17.765159,2026-02-08 21:39:17.765159,refaccion,false,,,false,2924511015,73181104
04124409-c959-417e-93f8-4afb4d36d615,4ed0decf-6d29-4681-aa9d-39bc7b8a7e58,DESINSTALACION DE PELICULA,,,0.00,,true,false,,,,0,2026-02-08 21:39:17.765159,2026-02-08 21:39:17.765159,refaccion,false,,,false,57006GS0UT,10111300
d742a269-0b21-48a1-846c-c380422eb1d9,4ed0decf-6d29-4681-aa9d-39bc7b8a7e58,"HEADLAMP ASSY,",,,17613.02,,true,false,,,,0,2026-02-08 21:39:17.765159,2026-02-08 21:39:17.765159,refaccion,false,,,false,8111004300,25173900
c684326a-b010-4455-9780-813e33969008,4ed0decf-6d29-4681-aa9d-39bc7b8a7e58,"HEADLAMP ASSY,",,,17613.02,,true,false,,,,0,2026-02-08 21:39:17.765159,2026-02-08 21:39:17.765159,refaccion,false,,,false,8115004300,25173900
d458bf50-a760-4370-bb56-ae534cc5ab08,4ed0decf-6d29-4681-aa9d-39bc7b8a7e58,CASA DE CAMPAÑA PARA TOYOTA TACOMA,,,0.00,,true,false,,,,0,2026-02-08 21:39:17.765159,2026-02-08 21:39:17.765159,refaccion,false,,,false,8190011211,25172600
a87c6444-7e27-46a4-b8ef-0d5c2837453c,4ed0decf-6d29-4681-aa9d-39bc7b8a7e58,PORTABICICLETAS APEX SWING 4 PARA TOYOTA,,,0.00,,true,false,,,,0,2026-02-08 21:39:17.765159,2026-02-08 21:39:17.765159,refaccion,false,,,false,8190023902,25172600
1f35a193-2d9c-49e9-8622-a397b38c14d4,4ed0decf-6d29-4681-aa9d-39bc7b8a7e58,RIN DE ALUMINIO C32,,,0.00,,true,false,,,,0,2026-02-08 21:39:17.765159,2026-02-08 21:39:17.765159,refaccion,false,,,false,8190044819,10111300
67976174-831c-46e1-84d7-40b4b5ddab46,4ed0decf-6d29-4681-aa9d-39bc7b8a7e58,TIRON PARA TOYOTA SC,,,0.00,,true,false,,,,0,2026-02-08 21:39:17.765159,2026-02-08 21:39:17.765159,refaccion,false,,,false,8190052023,25172600
ff990574-96d6-415d-b9af-94d1c45ebf99,4ed0decf-6d29-4681-aa9d-39bc7b8a7e58,PARRILLA PARA TOYOTA SC,,,0.00,,true,false,,,,0,2026-02-08 21:39:17.765159,2026-02-08 21:39:17.765159,refaccion,false,,,false,8190053100,25172600
2d146ad6-fe4c-4d58-837d-5afa55e46e7b,4ed0decf-6d29-4681-aa9d-39bc7b8a7e58,DESCANZA BRAZOS PARA TOYOTA,,,0.00,,true,false,,,,0,2026-02-08 21:39:17.765159,2026-02-08 21:39:17.765159,refaccion,false,,,false,8190058905761,56101533
4bdb03a9-45c0-4f38-9f51-afcc4e499a03,4ed0decf-6d29-4681-aa9d-39bc7b8a7e58,BARRAS DE TECHO PARA TOYOTA SC,,,0.00,,true,false,,,,0,2026-02-08 21:39:17.765159,2026-02-08 21:39:17.765159,refaccion,false,,,false,8190063407,25172600
18ee10a1-607f-49e5-b844-363bea368f11,4ed0decf-6d29-4681-aa9d-39bc7b8a7e58,CUBIERTA RIGIDA PARA TOYOTA,,,0.00,,true,false,,,,0,2026-02-08 21:39:17.765159,2026-02-08 21:39:17.765159,refaccion,false,,,false,8190064901,25172600
600a7b58-a6a1-4b1c-bcce-a15b5b024f56,4ed0decf-6d29-4681-aa9d-39bc7b8a7e58,BED LINER PARA TOYOTA SC,,,0.00,,true,false,,,,0,2026-02-08 21:39:17.765159,2026-02-08 21:39:17.765159,refaccion,false,,,false,8190065311,25172600
74fa4c19-234b-477a-8cf3-17aad3850881,4ed0decf-6d29-4681-aa9d-39bc7b8a7e58,CANASTILLA PARA TOYOTA SC,,,0.00,,true,false,,,,0,2026-02-08 21:39:17.765159,2026-02-08 21:39:17.765159,refaccion,false,,,false,8190075552,25172600
639b5da6-c4ed-4377-b3a6-4677589d6d6a,4ed0decf-6d29-4681-aa9d-39bc7b8a7e58,CANASTILLA AIVI PARA TOYOTA 2022 SC,,,0.00,,true,false,,,,0,2026-02-08 21:39:17.765159,2026-02-08 21:39:17.765159,refaccion,false,,,false,819007555222,25172600
3adeed22-b75c-445d-8346-0d45bec75542,4ed0decf-6d29-4681-aa9d-39bc7b8a7e58,ESTRIBOS PLANOS PARA TOYOTA AVANZA 22+,,,0.00,,true,false,,,,0,2026-02-08 21:39:17.765159,2026-02-08 21:39:17.765159,refaccion,false,,,false,81900767AV22,30241602
7d485120-d373-4fca-83ac-4cb6f36879c2,4ed0decf-6d29-4681-aa9d-39bc7b8a7e58,TAPA ROLL AND LOCK DE BATEA,,,0.00,,true,false,,,,0,2026-02-08 21:39:17.765159,2026-02-08 21:39:17.765159,refaccion,false,,,false,8190077000,25172600
7027ff12-04f4-43a2-8272-f66740794e52,4ed0decf-6d29-4681-aa9d-39bc7b8a7e58,"JUEGO DE FAROS 3"" GR BRIGHT SERIES PARA TOYOTA",,,0.00,,true,false,,,,0,2026-02-08 21:39:17.765159,2026-02-08 21:39:17.765159,refaccion,false,,,false,81900812004F,25172901
9365010b-8d1b-4b81-b24f-bd73c7a404b9,4ed0decf-6d29-4681-aa9d-39bc7b8a7e58,FAROS DE NIEBLA PARA TOYOTA,,,0.00,,true,false,,,,0,2026-02-08 21:39:17.765159,2026-02-08 21:39:17.765159,refaccion,false,,,false,8190081210,25172901
348e4f65-e2f9-4c74-9a04-04bd34c1da60,4ed0decf-6d29-4681-aa9d-39bc7b8a7e58,TAPETES INT/CAJUELA USO RUDO NEW TOYOTA YARIS,,,0.00,,true,false,,,,0,2026-02-08 21:39:17.765159,2026-02-08 21:39:17.765159,refaccion,false,,,false,81900PT0YSCP,25174418
ea1ab8d5-ef3e-4dd6-b251-e754e60004b1,4ed0decf-6d29-4681-aa9d-39bc7b8a7e58,TAPA ROLL AND LOCK PARA TOYOTA HILUX BED,,,0.00,,true,false,,,,0,2026-02-08 21:39:17.765159,2026-02-08 21:39:17.765159,refaccion,false,,,false,81900RAL00HX,25172600
a0cb936a-765c-4435-8af3-86b83266f8c7,4ed0decf-6d29-4681-aa9d-39bc7b8a7e58,SPORT BAR 2.0 PARA TOYOTA TUNDRA,,,0.00,,true,false,,,,0,2026-02-08 21:39:17.765159,2026-02-08 21:39:17.765159,refaccion,false,,,false,81900SB0TU,25172600
5ca0e40b-d78b-42c2-bb4b-0e91a3041760,4ed0decf-6d29-4681-aa9d-39bc7b8a7e58,TAPA ROLUP ELECTRICA PARA TOYOTA TUNDRA,,,0.00,,true,false,,,,0,2026-02-08 21:39:17.765159,2026-02-08 21:39:17.765159,refaccion,false,,,false,81900TA0EATU,25172600
0988b5bf-26f9-4faf-a3fe-a508a8a2b279,4ed0decf-6d29-4681-aa9d-39bc7b8a7e58,TAPA ROLUP MANUAL PARA TOYOTA HILUX,,,0.00,,true,false,,,,0,2026-02-08 21:39:17.765159,2026-02-08 21:39:17.765159,refaccion,false,,,false,81900TA0MAHX,25191700
af85664a-c934-4d5a-b43b-02aa110ca338,4ed0decf-6d29-4681-aa9d-39bc7b8a7e58,BROCHA SUAVE DE LIMPIEZA,,,0.00,,true,false,,,,0,2026-02-08 21:39:17.765159,2026-02-08 21:39:17.765159,refaccion,false,,,false,BCHS820213,31211904
3a1fe2e0-52e9-4d05-8175-08710965ffb9,4ed0decf-6d29-4681-aa9d-39bc7b8a7e58,BUMPER STEP UNIVERSAL,,,0.00,,true,false,,,,0,2026-02-08 21:39:17.765159,2026-02-08 21:39:17.765159,refaccion,false,,,false,BMPUNVHS2T,20121701
fe81caa4-bb39-4211-9e44-7e22f213de03,4ed0decf-6d29-4681-aa9d-39bc7b8a7e58,BARRAS LATERALES PARA TOYOTA SIENNA,,,0.00,,true,false,,,,0,2026-02-08 21:39:17.765159,2026-02-08 21:39:17.765159,refaccion,false,,,false,BRRLT23105,30263800
e11d096f-39cc-4695-8541-93065c29d2e7,4ed0decf-6d29-4681-aa9d-39bc7b8a7e58,BARRAS UNIVERSALES DE ALUMINIO,,,0.00,,true,false,,,,0,2026-02-08 21:39:17.765159,2026-02-08 21:39:17.765159,refaccion,false,,,false,BRRUVR2213,30263800
1ca8109a-ddf8-4101-a2fc-c2ec419a7583,4ed0decf-6d29-4681-aa9d-39bc7b8a7e58,CARCASA RAV4,,,0.00,,true,false,,,,0,2026-02-08 21:39:17.765159,2026-02-08 21:39:17.765159,refaccion,false,,,false,CCSARAV214,31261505
3721b36a-9fe1-4919-a2df-78afe64805c1,4ed0decf-6d29-4681-aa9d-39bc7b8a7e58,CAJA THULE MOTION,,,0.00,,true,false,,,,0,2026-02-08 21:39:17.765159,2026-02-08 21:39:17.765159,refaccion,false,,,false,CJTHM360LH,24112404
e5dcd3b9-fea7-4d31-9245-3542f0aafe40,4ed0decf-6d29-4681-aa9d-39bc7b8a7e58,CENICERO,,,0.00,,true,false,,,,0,2026-02-08 21:39:17.765159,2026-02-08 21:39:17.765159,refaccion,false,,,false,CNC820213I,25174420
b33f7dfe-3605-4b22-a883-5d62b00955f1,4ed0decf-6d29-4681-aa9d-39bc7b8a7e58,CINTURON DE SEGUIDAD,,,0.00,,true,false,,,,0,2026-02-08 21:39:17.765159,2026-02-08 21:39:17.765159,refaccion,false,,,false,CNTN820231,25172104
a3e72680-4d62-455d-9173-8886d934af9d,4ed0decf-6d29-4681-aa9d-39bc7b8a7e58,CARCASA  METALICA PARA LLAVE,,,0.00,,true,false,,,,0,2026-02-08 21:39:17.765159,2026-02-08 21:39:17.765159,refaccion,false,,,false,CRCMETLL18,31261505
232e4b95-69b2-4abd-bff0-75eaba6b8b33,4ed0decf-6d29-4681-aa9d-39bc7b8a7e58,CARCASA CROMADA,,,0.00,,true,false,,,,0,2026-02-08 21:39:17.765159,2026-02-08 21:39:17.765159,refaccion,false,,,false,CRM258400A,31261504
46616d75-e334-443b-a8fc-505e7e912bfa,4ed0decf-6d29-4681-aa9d-39bc7b8a7e58,FUNDAS DE SILICONA,,,0.00,,true,false,,,,0,2026-02-08 21:39:17.765159,2026-02-08 21:39:17.765159,refaccion,false,,,false,FNDSL2131M,52121514
78e4c963-8feb-4e21-aa88-6209ca8cf04c,4ed0decf-6d29-4681-aa9d-39bc7b8a7e58,SIEN CARGO LINER,,,2718.03,,true,false,,,,0,2026-02-08 21:39:17.765159,2026-02-08 21:39:17.765159,refaccion,false,,,false,PK24108M01TP,25174418
d68e3c12-43a6-4c5d-9f66-0fd2249e8e36,4ed0decf-6d29-4681-aa9d-39bc7b8a7e58,DOOR SILL RAV4 2019+,,,2454.44,,true,false,,,,0,2026-02-08 21:39:17.765159,2026-02-08 21:39:17.765159,refaccion,false,,,false,PK38242K01,25172600
db1dc1dc-8e58-4479-bcdc-fd9903053d5e,4ed0decf-6d29-4681-aa9d-39bc7b8a7e58,MG KIT COROLLAP,,,1894.37,,true,false,,,,0,2026-02-08 21:39:17.765159,2026-02-08 21:39:17.765159,refaccion,false,,,false,PK38912L00TP,25172100
595fdc2d-5aa0-4c99-a960-ae3b134562e8,4ed0decf-6d29-4681-aa9d-39bc7b8a7e58,"STRAINER SUB-ASSY, PKG TRAY TO FLR, RH",,,2059.27,,true,false,,,,0,2026-02-08 21:39:17.765159,2026-02-08 21:39:17.765159,refaccion,false,,,false,PK38935R00P1,25172600
2334a343-0e77-4707-80c8-c3dec4e57a18,4ed0decf-6d29-4681-aa9d-39bc7b8a7e58,FR ASHTRY,,,280.15,,true,false,[],,,0,2026-02-08 21:39:17.765159,2026-02-11 00:21:54.679069,refaccion,false,,,false,7410202140,25174420
419a43ef-62e6-4617-a1d0-2c7e4121b29d,4ed0decf-6d29-4681-aa9d-39bc7b8a7e58,LODERAS,,,1894.37,3025fc9b-e2ba-416c-b62e-af1cffa6611a,true,false,[],,,0,2026-02-08 21:39:17.765159,2026-02-11 17:24:29.368825,refaccion,false,,,false,PK38908M00TP,25172600
51faf053-bafc-4710-9afd-4dca024e8612,4ed0decf-6d29-4681-aa9d-39bc7b8a7e58,SIEN MUDG HRDWR BLK,,,0.00,3025fc9b-e2ba-416c-b62e-af1cffa6611a,true,false,[],,,0,2026-02-08 21:39:17.765159,2026-02-11 18:10:30.365894,refaccion,false,,,false,PK28908M10TP,25174418
ba90efbc-96ac-43d0-a965-7bcd425e58fd,4ed0decf-6d29-4681-aa9d-39bc7b8a7e58,TACO TONCVR 5.5FT,,,11514.76,,true,false,,,,0,2026-02-08 21:39:17.765159,2026-02-08 21:39:17.765159,refaccion,false,,,false,PK3B135G5S,25172600
fe261f40-f533-4523-b92a-322794a7de46,4ed0decf-6d29-4681-aa9d-39bc7b8a7e58,RAV4 TOW WIRE HARNES,,,3953.64,,true,false,,,,0,2026-02-08 21:39:17.765159,2026-02-08 21:39:17.765159,refaccion,false,,,false,PK5D042K11WH,25174400
734cd06a-0e6e-49d0-be06-364824968816,4ed0decf-6d29-4681-aa9d-39bc7b8a7e58,SIEN TOW HITCH KIT,,,9719.29,,true,false,,,,0,2026-02-08 21:39:17.765159,2026-02-08 21:39:17.765159,refaccion,false,,,false,PK96008B08,25172600
9ea5b9f6-44d1-47b4-9118-05ec4c76db37,4ed0decf-6d29-4681-aa9d-39bc7b8a7e58,TOW HITCH KIT RAV4,,,9142.66,,true,false,,,,0,2026-02-08 21:39:17.765159,2026-02-08 21:39:17.765159,refaccion,false,,,false,PK96042K10,25174802
74bf368d-28cb-4652-a0ba-5ca38e4bd0b6,4ed0decf-6d29-4681-aa9d-39bc7b8a7e58,PROTECTOR DE ESQUINA SILICONA,,,0.00,,true,false,,,,0,2026-02-08 21:39:17.765159,2026-02-08 21:39:17.765159,refaccion,false,,,false,PT0RS1445Z,39121719
664a0c28-4da9-4e81-b311-75aec4cb1462,4ed0decf-6d29-4681-aa9d-39bc7b8a7e58,COROLLA CARGO TRAY,,,1976.71,,true,false,,,,0,2026-02-08 21:39:17.765159,2026-02-08 21:39:17.765159,refaccion,false,,,false,PT2060220502,25172100
675e8dd0-9fdc-4e42-a865-0d8b3c61ee2c,4ed0decf-6d29-4681-aa9d-39bc7b8a7e58,COR CRS CTRY,,,1976.71,,true,false,,,,0,2026-02-08 21:39:17.765159,2026-02-08 21:39:17.765159,refaccion,false,,,false,PT2061622520,25174418
a95a9cc7-9952-43e2-b1f7-2174183202c6,4ed0decf-6d29-4681-aa9d-39bc7b8a7e58,TUN  AWFL,,,3278.11,,true,false,,,,0,2026-02-08 21:39:17.765159,2026-02-08 21:39:17.765159,refaccion,false,,,false,PT2063422020,25174418
7e89209c-0ccd-43e1-93b3-e5c1cf5a0c61,4ed0decf-6d29-4681-aa9d-39bc7b8a7e58,JUEGO DE TAPETES,,,3278.11,,true,false,,,,0,2026-02-08 21:39:17.765159,2026-02-08 21:39:17.765159,refaccion,false,,,false,PT2063422120,25174418
99d0b9be-73ee-425c-8cb0-8afc5b0dbf8e,4ed0decf-6d29-4681-aa9d-39bc7b8a7e58,FJCRUISER CARGO MAT,,,1318.60,,true,false,,,,0,2026-02-08 21:39:17.765159,2026-02-08 21:39:17.765159,refaccion,false,,,false,PT2063509620,25174418
f0374bb6-153e-4ae1-830e-7ef03c2e491e,4ed0decf-6d29-4681-aa9d-39bc7b8a7e58,TAPETE  DE USO RUDO,,,3278.11,,true,false,,,,0,2026-02-08 21:39:17.765159,2026-02-08 21:39:17.765159,refaccion,false,,,false,PT2063524220,25174418
a676e3a4-063a-46f3-9137-33e8f0b08ceb,4ed0decf-6d29-4681-aa9d-39bc7b8a7e58,TACO PRO GRILLE,,,3278.11,,true,false,,,,0,2026-02-08 21:39:17.765159,2026-02-08 21:39:17.765159,refaccion,false,,,false,PT2063524420,55121720
ca8460d4-a574-4954-a194-dde09aa8524a,4ed0decf-6d29-4681-aa9d-39bc7b8a7e58,TAPETES PRIUS,,,1676.57,,true,false,,,,0,2026-02-08 21:39:17.765159,2026-02-08 21:39:17.765159,refaccion,false,,,false,PT2064720020,25174418
7f6a97e8-a134-4bb5-a4d0-f7e42af29d3b,4ed0decf-6d29-4681-aa9d-39bc7b8a7e58,PRIUS C AWM TUBSTYLE,,,2368.01,,true,false,,,,0,2026-02-08 21:39:17.765159,2026-02-08 21:39:17.765159,refaccion,false,,,false,PT2065216002,25174418
a522787e-9a0d-4b39-b0f0-8b7bad357c7d,4ed0decf-6d29-4681-aa9d-39bc7b8a7e58,RAV EXHTP CHROME,,,741.32,,true,false,,,,0,2026-02-08 21:39:17.765159,2026-02-08 21:39:17.765159,refaccion,false,,,false,PT2264221012,25174400
b3cd6097-ff45-4c55-ab09-50a8813408d0,4ed0decf-6d29-4681-aa9d-39bc7b8a7e58,COR CRS TOW HITCH,,,3541.70,,true,false,,,,0,2026-02-08 21:39:17.765159,2026-02-08 21:39:17.765159,refaccion,false,,,false,PT22816221,25172900
fceb3980-d116-4740-a880-70ebe200627e,4ed0decf-6d29-4681-aa9d-39bc7b8a7e58,CUBIERTA DE PARACHOQUES,,,1037.81,,true,false,,,,0,2026-02-08 21:39:17.765159,2026-02-08 21:39:17.765159,refaccion,false,,,false,PT22816230,31181800
75afba07-6eac-46bf-b895-f9b7c64f234a,4ed0decf-6d29-4681-aa9d-39bc7b8a7e58,"COVER, BUMPER FR",,,4493.29,,true,false,,,,0,2026-02-08 21:39:17.765159,2026-02-08 21:39:17.765159,refaccion,false,,,false,PT22835170AA,25172900
9b966a40-988e-4de1-907e-46eaac72c292,4ed0decf-6d29-4681-aa9d-39bc7b8a7e58,HLDR TOWHIT KIT W/WI,,,8566.03,,true,false,,,,0,2026-02-08 21:39:17.765159,2026-02-08 21:39:17.765159,refaccion,false,,,false,PT22848200,25174802
af031734-fc8d-46fe-bc8a-6352c043e0fe,4ed0decf-6d29-4681-aa9d-39bc7b8a7e58,HLDR BUMPER COVER,,,1976.71,,true,false,,,,0,2026-02-08 21:39:17.765159,2026-02-08 21:39:17.765159,refaccion,false,,,false,PT2284820701,25172600
bdad06c8-69e4-48b5-b1af-91121690c787,4ed0decf-6d29-4681-aa9d-39bc7b8a7e58,WHEEL LOCK ALY BULK,,,1400.30,,true,false,,,,0,2026-02-08 21:39:17.765159,2026-02-08 21:39:17.765159,refaccion,false,,,false,PT27650190,25172100
dbbd23a5-9756-44dd-85b9-28ead9d40391,4ed0decf-6d29-4681-aa9d-39bc7b8a7e58,TACOMA ROOF RACK,,,6603.94,,true,false,,,,0,2026-02-08 21:39:17.765159,2026-02-08 21:39:17.765159,refaccion,false,,,false,PT27835170,25172100
a20b87cd-43a2-47a9-961c-c649444577ce,4ed0decf-6d29-4681-aa9d-39bc7b8a7e58,XBAR KIT RAV,,,3788.95,,true,false,,,,0,2026-02-08 21:39:17.765159,2026-02-08 21:39:17.765159,refaccion,false,,,false,PT27842192,25172600
e4d9206d-529a-4cd1-b31b-b9603ad788cb,4ed0decf-6d29-4681-aa9d-39bc7b8a7e58,TAPONES,,,144.70,,true,false,,,,0,2026-02-08 21:39:17.765159,2026-02-08 21:39:17.765159,refaccion,false,,,false,PT2804220002,25172600
f0dfec8c-ebd0-4da7-8aee-0e6b3d106600,4ed0decf-6d29-4681-aa9d-39bc7b8a7e58,COR RRSPLRT 040,,,5765.66,,true,false,,,,0,2026-02-08 21:39:17.765159,2026-02-08 21:39:17.765159,refaccion,false,,,false,PT29A0221010,25172600
b89b9a58-efe1-4108-b749-544e70dcaf93,4ed0decf-6d29-4681-aa9d-39bc7b8a7e58,MOLDURAS LATERALES,,,4118.33,,true,false,,,,0,2026-02-08 21:39:17.765159,2026-02-08 21:39:17.765159,refaccion,false,,,false,PT29A4723001,31141600
f55ea4b9-3666-4bfe-ab02-31d243021d9b,4ed0decf-6d29-4681-aa9d-39bc7b8a7e58,MUDGUARD KIT HIGHLND,,,1812.02,,true,false,,,,0,2026-02-08 21:39:17.765159,2026-02-08 21:39:17.765159,refaccion,false,,,false,PT34548200,25172600
767e919d-8d22-4718-b30b-ff2f4523ea43,4ed0decf-6d29-4681-aa9d-39bc7b8a7e58,CARGO NET COROLLA,,,807.11,,true,false,,,,0,2026-02-08 21:39:17.765159,2026-02-08 21:39:17.765159,refaccion,false,,,false,PT34702200,25172600
be9813cd-b751-49ff-97e8-a280f808e034,4ed0decf-6d29-4681-aa9d-39bc7b8a7e58,TOY CNET SPIDER,,,972.02,,true,false,,,,0,2026-02-08 21:39:17.765159,2026-02-08 21:39:17.765159,refaccion,false,,,false,PT34716220,25174418
70728578-c40b-44fb-ae04-daf4a57aa90c,4ed0decf-6d29-4681-aa9d-39bc7b8a7e58,RED DE CARGA,,,972.02,,true,false,,,,0,2026-02-08 21:39:17.765159,2026-02-08 21:39:17.765159,refaccion,false,,,false,PT34735050,24111507
6a61247b-7684-4d8c-8bd3-c127d7e45601,4ed0decf-6d29-4681-aa9d-39bc7b8a7e58,RED DE CARGA,,,743.69,,true,false,,,,0,2026-02-08 21:39:17.765159,2026-02-08 21:39:17.765159,refaccion,false,,,false,PT34747160,24111507
6248e1fb-5ad6-42ea-816e-1d53ee7a28f3,4ed0decf-6d29-4681-aa9d-39bc7b8a7e58,RED DE CARGA,,,972.02,,true,false,,,,0,2026-02-08 21:39:17.765159,2026-02-08 21:39:17.765159,refaccion,false,,,false,PT34748140,25174400
c09707f6-304e-4b2c-a417-a75a041e69ce,4ed0decf-6d29-4681-aa9d-39bc7b8a7e58,ESTRIBO,,,5436.28,,true,false,,,,0,2026-02-08 21:39:17.765159,2026-02-08 21:39:17.765159,refaccion,false,,,false,PT39234231,25174418
61049dd0-8557-4c75-9213-d9e0306c130d,4ed0decf-6d29-4681-aa9d-39bc7b8a7e58,TACO BED STEP,,,4118.33,,true,false,,,,0,2026-02-08 21:39:17.765159,2026-02-08 21:39:17.765159,refaccion,false,,,false,PT39235230,25174105
06e20c10-1dfb-4267-9d70-b22b2011ee0c,4ed0decf-6d29-4681-aa9d-39bc7b8a7e58,SIEN CGTRY NO SPARE,,,2306.31,,true,false,[],,,0,2026-02-08 21:39:17.765159,2026-02-11 00:21:54.679069,refaccion,false,,,false,PT20608216,25174418
426aabeb-890d-419a-a505-392642e5e804,4ed0decf-6d29-4681-aa9d-39bc7b8a7e58,FOG BEZEL R FRONT,,,1131.76,3025fc9b-e2ba-416c-b62e-af1cffa6611a,true,false,[],,,0,2026-02-08 21:39:17.765159,2026-02-11 17:30:55.835609,refaccion,false,,,false,PT22835170BA,25174418
521d8916-6380-4a0b-86f4-f40cddd36f45,4ed0decf-6d29-4681-aa9d-39bc7b8a7e58,PLACA DE PROTECCION,,,6342.29,3025fc9b-e2ba-416c-b62e-af1cffa6611a,true,false,[],,,0,2026-02-08 21:39:17.765159,2026-02-11 18:23:30.654972,refaccion,false,,,false,PT22835240,23153035
6f670ca4-e095-44ad-8a6c-381d0300499b,4ed0decf-6d29-4681-aa9d-39bc7b8a7e58,COR DSP,,,2553.34,,true,false,,,,0,2026-02-08 21:39:17.765159,2026-02-08 21:39:17.765159,refaccion,false,,,false,PT41302201,25172100
5813e750-83dc-4a68-946e-482d58329d56,4ed0decf-6d29-4681-aa9d-39bc7b8a7e58,EMBLEMA DE USO AUTOMORIZ,,,4200.67,,true,false,,,,0,2026-02-08 21:39:17.765159,2026-02-08 21:39:17.765159,refaccion,false,,,false,PT41389250,55121720
ac8dce25-c94c-4aae-a80d-d8f6527a9bbd,4ed0decf-6d29-4681-aa9d-39bc7b8a7e58,COR CRS KG BLK/BLK,,,329.38,,true,false,,,,0,2026-02-08 21:39:17.765159,2026-02-08 21:39:17.765159,refaccion,false,,,false,PT42016210T1,25172600
e9e245b4-6af0-4c27-bb55-00a76022868a,4ed0decf-6d29-4681-aa9d-39bc7b8a7e58,CRO KYGLV BLK 2P,,,329.38,,true,false,,,,0,2026-02-08 21:39:17.765159,2026-02-08 21:39:17.765159,refaccion,false,,,false,PT4203023050,25172100
b9b7c362-af40-471a-b287-891e6ab6a6fd,4ed0decf-6d29-4681-aa9d-39bc7b8a7e58,FUNDA DE PIEL PARA L,,,329.38,,true,false,,,,0,2026-02-08 21:39:17.765159,2026-02-08 21:39:17.765159,refaccion,false,,,false,PT4204723050,25172600
ecc186ad-8a1d-4a96-bb54-6c0e13f4c0ba,4ed0decf-6d29-4681-aa9d-39bc7b8a7e58,TOTE CARGO,,,988.36,,true,false,,,,0,2026-02-08 21:39:17.765159,2026-02-08 21:39:17.765159,refaccion,false,,,false,PT42700120,24112005
bac94582-2726-4ede-bf39-f52cbed29f78,4ed0decf-6d29-4681-aa9d-39bc7b8a7e58,SHIFT KNOB TRD,,,1186.16,,true,false,,,,0,2026-02-08 21:39:17.765159,2026-02-08 21:39:17.765159,refaccion,false,,,false,PT45A03210,25174400
d8a8a4f9-045d-4b0c-8931-368226982205,4ed0decf-6d29-4681-aa9d-39bc7b8a7e58,BEDMAT TAC SHORT BE,,,2586.24,,true,false,,,,0,2026-02-08 21:39:17.765159,2026-02-08 21:39:17.765159,refaccion,false,,,false,PT58035050SB,25174418
e5e5c259-6c4c-4850-9c9e-e19042f38aba,4ed0decf-6d29-4681-aa9d-39bc7b8a7e58,CUBIERTA DE CAJUELA,,,2511.42,,true,false,,,,0,2026-02-08 21:39:17.765159,2026-02-08 21:39:17.765159,refaccion,false,,,false,PT73148140,25172600
89d94308-a4b0-43ea-9ad9-80b2fa0ec98a,4ed0decf-6d29-4681-aa9d-39bc7b8a7e58,REAR BMPR PRT COROLL,,,1153.05,,true,false,,,,0,2026-02-08 21:39:17.765159,2026-02-08 21:39:17.765159,refaccion,false,,,false,PT7380220002,25172100
ae97264b-07ab-419e-a88c-2959eedaee9f,4ed0decf-6d29-4681-aa9d-39bc7b8a7e58,MOLDURA PRA CARROCERIA,,,2306.31,,true,false,,,,0,2026-02-08 21:39:17.765159,2026-02-08 21:39:17.765159,refaccion,false,,,false,PT7474221002,30162000
efb37e97-07cf-4fbf-b355-7282fbfdb3ca,4ed0decf-6d29-4681-aa9d-39bc7b8a7e58,"REAR,BMP,APPLQ HIGHL",,,938.91,,true,false,,,,0,2026-02-08 21:39:17.765159,2026-02-08 21:39:17.765159,refaccion,false,,,false,PT74748200,25172600
7e99607d-f78d-412a-a434-124bdda1574b,4ed0decf-6d29-4681-aa9d-39bc7b8a7e58,RUEDA O RIM SIN NEUMATIC,,,4118.33,,true,false,,,,0,2026-02-08 21:39:17.765159,2026-02-08 21:39:17.765159,refaccion,false,,,false,PT7584220002,25171900
aa871d69-289d-4b65-b1f8-87d5063288e4,4ed0decf-6d29-4681-aa9d-39bc7b8a7e58,TACO RFRCK,,,418.82,,true,false,,,,0,2026-02-08 21:39:17.765159,2026-02-08 21:39:17.765159,refaccion,false,,,false,PT76735100SK,10141605
9d702f68-f9a7-4518-bb32-8a2ed18c5512,4ed0decf-6d29-4681-aa9d-39bc7b8a7e58,TACOMA RUNNING BOARD,,,14825.97,,true,false,,,,0,2026-02-08 21:39:17.765159,2026-02-08 21:39:17.765159,refaccion,false,,,false,PT76735190,25174418
8f082afd-bed7-4a37-b7d2-2ca1092fef94,4ed0decf-6d29-4681-aa9d-39bc7b8a7e58,HIGHLNDR CROSSBARS S,,,5271.37,,true,false,,,,0,2026-02-08 21:39:17.765159,2026-02-08 21:39:17.765159,refaccion,false,,,false,PT76748200,10141605
ef2d3153-0cf2-4da0-9284-82853ed16c40,4ed0decf-6d29-4681-aa9d-39bc7b8a7e58,TRAILER BALL,,,395.39,,true,false,,,,0,2026-02-08 21:39:17.765159,2026-02-08 21:39:17.765159,refaccion,false,,,false,PT79100844,25174802
bfb48983-7ba5-4d30-920f-8c10d2d451eb,4ed0decf-6d29-4681-aa9d-39bc7b8a7e58,SIEN BSM BRN,,,3706.60,,true,false,,,,0,2026-02-08 21:39:17.765159,2026-02-08 21:39:17.765159,refaccion,false,,,false,PT83K0821000,25174418
ffc2c8dc-3003-4724-b62b-5b8b99f3b3d1,4ed0decf-6d29-4681-aa9d-39bc7b8a7e58,CMRY SPLR INSTAL KIT,,,3706.60,,true,false,,,,0,2026-02-08 21:39:17.765159,2026-02-08 21:39:17.765159,refaccion,false,,,false,PT83K0821007,25172600
b719a47d-61c6-4513-974e-cfd11500ba35,4ed0decf-6d29-4681-aa9d-39bc7b8a7e58,"4PC AWM, COROLLA TAPETES PLASTICO",,,1221.20,,true,false,,,,0,2026-02-08 21:39:17.765159,2026-02-08 21:39:17.765159,refaccion,false,,,false,PT9080211020,25174418
d45e848d-8319-4e88-bdbe-4aeafa14fe70,4ed0decf-6d29-4681-aa9d-39bc7b8a7e58,CAMRY CARGO TRAY,,,2141.62,,true,false,,,,0,2026-02-08 21:39:17.765159,2026-02-08 21:39:17.765159,refaccion,false,,,false,PT9080318502,25174418
ddec6dd0-207e-4a48-931a-17d8d5a83a85,4ed0decf-6d29-4681-aa9d-39bc7b8a7e58,CAMRY AWB TUB,,,3113.42,,true,false,,,,0,2026-02-08 21:39:17.765159,2026-02-08 21:39:17.765159,refaccion,false,,,false,PT9080325002,25174418
0fd27f8c-55a3-46a5-b377-cb2ccb61685e,4ed0decf-6d29-4681-aa9d-39bc7b8a7e58,SEQ AWFL TRD PRO,,,4085.43,,true,false,,,,0,2026-02-08 21:39:17.765159,2026-02-08 21:39:17.765159,refaccion,false,,,false,PT9080C23320,25174418
6d696fa3-f710-41ae-b7d4-cca6971e07d1,4ed0decf-6d29-4681-aa9d-39bc7b8a7e58,TACO AWFL  DCAB,,,2948.73,,true,false,,,,0,2026-02-08 21:39:17.765159,2026-02-08 21:39:17.765159,refaccion,false,,,false,PT9083521302,25174418
277b8c64-50aa-4b45-ba9b-5ed77704e077,4ed0decf-6d29-4681-aa9d-39bc7b8a7e58,"AWM, AFL",,,2171.93,,true,false,,,,0,2026-02-08 21:39:17.765159,2026-02-08 21:39:17.765159,refaccion,false,,,false,PT9084216520,25174418
cf322acb-830b-4daf-a018-2a5acba179ad,4ed0decf-6d29-4681-aa9d-39bc7b8a7e58,RAV TRD AWFL,,,3278.11,,true,false,,,,0,2026-02-08 21:39:17.765159,2026-02-08 21:39:17.765159,refaccion,false,,,false,PT9084220020,25174418
e4e69565-da7a-4ad7-b035-559fe4db23da,4ed0decf-6d29-4681-aa9d-39bc7b8a7e58,RAV CGTRY TRD,,,2141.62,,true,false,,,,0,2026-02-08 21:39:17.765159,2026-02-08 21:39:17.765159,refaccion,false,,,false,PT9084220302,25174418
5c0de2b7-4153-4122-b3f2-dcb4faf4a7ea,4ed0decf-6d29-4681-aa9d-39bc7b8a7e58,RAV4 CGTRY,,,2141.62,,true,false,,,,0,2026-02-08 21:39:17.765159,2026-02-08 21:39:17.765159,refaccion,false,,,false,PT9084221002,25174418
cdebc963-02ae-4fa1-bd87-ffdb8d965ada,4ed0decf-6d29-4681-aa9d-39bc7b8a7e58,RAV AWFL BLK,,,3278.11,,true,false,,,,0,2026-02-08 21:39:17.765159,2026-02-08 21:39:17.765159,refaccion,false,,,false,PT9084221520,25174418
91336117-ddcd-48b8-b30e-34dcf1578840,4ed0decf-6d29-4681-aa9d-39bc7b8a7e58,TAPAETE USO RUDO CAJUELA,,,2296.63,,true,false,,,,0,2026-02-08 21:39:17.765159,2026-02-08 21:39:17.765159,refaccion,false,,,false,PT90847161,25174418
0cc235c2-897b-4360-831e-832d1bb01a88,4ed0decf-6d29-4681-aa9d-39bc7b8a7e58,PRS/PRSP AWCM BLK,,,2141.62,,true,false,,,,0,2026-02-08 21:39:17.765159,2026-02-08 21:39:17.765159,refaccion,false,,,false,PT9084723520,25174418
d00f733e-5a9a-4edd-9ca1-70295b2811a1,4ed0decf-6d29-4681-aa9d-39bc7b8a7e58,JUEGO DE REVESTIMIENTO,,,2141.62,,true,false,,,,0,2026-02-08 21:39:17.765159,2026-02-08 21:39:17.765159,refaccion,false,,,false,PT9084723620,25172600
878bce5c-0e4d-4765-be58-554acc08c896,4ed0decf-6d29-4681-aa9d-39bc7b8a7e58,TAPETES HIGHLANDER,,,2045.08,,true,false,,,,0,2026-02-08 21:39:17.765159,2026-02-08 21:39:17.765159,refaccion,false,,,false,PT9084816502,25174418
fcc89e4d-f984-4b1c-aa3f-49200392f869,4ed0decf-6d29-4681-aa9d-39bc7b8a7e58,AWFL TOYOTA SSL,,,4085.43,,true,false,,,,0,2026-02-08 21:39:17.765159,2026-02-08 21:39:17.765159,refaccion,false,,,false,PT9084820020,25174418
7947811f-f81c-4194-8b54-8f5363fd899d,4ed0decf-6d29-4681-aa9d-39bc7b8a7e58,"CARGO TRAY,PRS C",,,901.28,,true,false,,,,0,2026-02-08 21:39:17.765159,2026-02-08 21:39:17.765159,refaccion,false,,,false,PT90852120,25174418
fecf6657-45a4-437b-af0c-4c497d607683,4ed0decf-6d29-4681-aa9d-39bc7b8a7e58,TAPETES DE USO RUDO,,,3278.11,,true,false,,,,0,2026-02-08 21:39:17.765159,2026-02-08 21:39:17.765159,refaccion,false,,,false,PT9088925002,25174418
a2d460a5-bb75-4bc2-b177-15345757c751,4ed0decf-6d29-4681-aa9d-39bc7b8a7e58,4RUN AWFL TRD PRO,,,3278.11,,true,false,,,,0,2026-02-08 21:39:17.765159,2026-02-08 21:39:17.765159,refaccion,false,,,false,PT9088925102,25174418
59fe81a6-7023-4daa-b67f-eeefef772650,4ed0decf-6d29-4681-aa9d-39bc7b8a7e58,REVESTIMIENTO,,,2141.62,,true,false,,,,0,2026-02-08 21:39:17.765159,2026-02-08 21:39:17.765159,refaccion,false,,,false,PT9088925402,20122706
90bbff3b-fd0d-465d-91dd-a380a41fc24b,4ed0decf-6d29-4681-aa9d-39bc7b8a7e58,4RUNNER CGTRY,,,2141.62,,true,false,,,,0,2026-02-08 21:39:17.765159,2026-02-08 21:39:17.765159,refaccion,false,,,false,PT9088925602,25174418
8d25a14d-8f27-4271-8528-02ef961eeecc,4ed0decf-6d29-4681-aa9d-39bc7b8a7e58,TAPETES USO RUDO AVANZA SC,,,0.00,,true,false,,,,0,2026-02-08 21:39:17.765159,2026-02-08 21:39:17.765159,refaccion,false,,,false,PT908AV206,25174418
0140f558-157d-4e13-abda-b443781ed31e,4ed0decf-6d29-4681-aa9d-39bc7b8a7e58,CAMRY AWM TUB,,,2948.73,,true,false,[],,,0,2026-02-08 21:39:17.765159,2026-02-11 00:21:54.679069,refaccion,false,,,false,PT9080318020,25174418
4109d2f3-8102-4d26-a36b-22975023cf49,4ed0decf-6d29-4681-aa9d-39bc7b8a7e58,COR CRS BAR,,,5271.37,3025fc9b-e2ba-416c-b62e-af1cffa6611a,true,false,[],,,0,2026-02-08 21:39:17.765159,2026-02-11 17:22:11.325654,refaccion,false,,,false,PT76716220,31162303
4e9e8ff7-245e-42ee-b213-ffcd746e04bb,4ed0decf-6d29-4681-aa9d-39bc7b8a7e58,SEQ AWFL BLK,,,4085.43,3025fc9b-e2ba-416c-b62e-af1cffa6611a,true,false,[],,,0,2026-02-08 21:39:17.765159,2026-02-11 18:07:58.173825,refaccion,false,,,false,PT9080C23020,25174418
5d533f0d-75a5-4866-8994-c26d07d1fac0,4ed0decf-6d29-4681-aa9d-39bc7b8a7e58,TUN BEDMAT SHPORT BED,,,3377.01,,true,false,,,,0,2026-02-08 21:39:17.765159,2026-02-08 21:39:17.765159,refaccion,false,,,false,PT90C3422002,52101511
af375494-a79a-4c3a-b52b-29c85bffec68,4ed0decf-6d29-4681-aa9d-39bc7b8a7e58,TACO DEDMAT SHORT BE,,,2800.38,,true,false,,,,0,2026-02-08 21:39:17.765159,2026-02-08 21:39:17.765159,refaccion,false,,,false,PT90C3524002,25173900
b4f6db2e-2cb4-4d74-ad67-54ed0b63a3a3,4ed0decf-6d29-4681-aa9d-39bc7b8a7e58,COR CRS CGCR BLK RET,,,1482.64,,true,false,,,,0,2026-02-08 21:39:17.765159,2026-02-08 21:39:17.765159,refaccion,false,,,false,PT9121622002,25172600
d77b0499-1bd4-48e6-9933-8f1fc9d33a20,4ed0decf-6d29-4681-aa9d-39bc7b8a7e58,COVER CARGO HIGHLAND,,,2882.94,,true,false,,,,0,2026-02-08 21:39:17.765159,2026-02-08 21:39:17.765159,refaccion,false,,,false,PT91248200,25172600
56ad637f-821d-40e4-92f0-27c73b05099e,4ed0decf-6d29-4681-aa9d-39bc7b8a7e58,DOOR SILL KIT CAMRY,,,2619.35,,true,false,,,,0,2026-02-08 21:39:17.765159,2026-02-08 21:39:17.765159,refaccion,false,,,false,PT92203182,30161721
ea6cbfb2-f357-4d6b-b7a0-eb0151270634,4ed0decf-6d29-4681-aa9d-39bc7b8a7e58,HDLR CGTRY,,,2306.31,,true,false,,,,0,2026-02-08 21:39:17.765159,2026-02-08 21:39:17.765159,refaccion,false,,,false,PT9244821020,25174418
7d5b6b3f-ffb9-47c2-a515-ccfb2f59d234,4ed0decf-6d29-4681-aa9d-39bc7b8a7e58,BMPR APLQ BLK CMYDIO,,,938.91,,true,false,,,,0,2026-02-08 21:39:17.765159,2026-02-08 21:39:17.765159,refaccion,false,,,false,PT92903181,25174418
6d335d65-444e-4050-81c9-be581d95d1d9,4ed0decf-6d29-4681-aa9d-39bc7b8a7e58,RCKR PNL BLK CAMRY,,,741.32,,true,false,,,,0,2026-02-08 21:39:17.765159,2026-02-08 21:39:17.765159,refaccion,false,,,false,PT9290318102,25172600
b4b396f5-41f4-4cf0-a30d-246672b26ccd,4ed0decf-6d29-4681-aa9d-39bc7b8a7e58,PROTECTOR DE PARACHO,,,938.91,,true,false,,,,0,2026-02-08 21:39:17.765159,2026-02-08 21:39:17.765159,refaccion,false,,,false,PT9290318123,25172600
8cd2235c-8091-49b8-9628-64e759a18a73,4ed0decf-6d29-4681-aa9d-39bc7b8a7e58,TIRAS DE PLASTICO,,,938.91,,true,false,,,,0,2026-02-08 21:39:17.765159,2026-02-08 21:39:17.765159,refaccion,false,,,false,PT92947230,42183060
98e0ac43-ca6a-4899-96db-1b0cf8667394,4ed0decf-6d29-4681-aa9d-39bc7b8a7e58,TIP BLK,,,1482.64,,true,false,,,,0,2026-02-08 21:39:17.765159,2026-02-08 21:39:17.765159,refaccion,false,,,false,PT9323518002,10141605
b1b7f07c-646f-47ae-8218-8361ebbdc9e2,4ed0decf-6d29-4681-aa9d-39bc7b8a7e58,COR CRS DEG 3R3 RED,,,2059.27,,true,false,,,,0,2026-02-08 21:39:17.765159,2026-02-08 21:39:17.765159,refaccion,false,,,false,PT9361622003,25172600
e3cf0f61-b2c6-4422-ac88-b869d9393c64,4ed0decf-6d29-4681-aa9d-39bc7b8a7e58,DEG RAV 1D6 SILVER,,,2141.62,,true,false,,,,0,2026-02-08 21:39:17.765159,2026-02-08 21:39:17.765159,refaccion,false,,,false,PT9364219011,25172600
e37d9618-c6fc-456d-a3e9-9697102e3ebe,4ed0decf-6d29-4681-aa9d-39bc7b8a7e58,DEG PRIUS 1G3 GRAY,,,1806.22,,true,false,,,,0,2026-02-08 21:39:17.765159,2026-02-08 21:39:17.765159,refaccion,false,,,false,PT9364716011,31141601
89907563-e48e-47a7-9ec2-f658dd55f0e5,4ed0decf-6d29-4681-aa9d-39bc7b8a7e58,GUARDA PROTECTORA PA,,,2141.62,,true,false,,,,0,2026-02-08 21:39:17.765159,2026-02-08 21:39:17.765159,refaccion,false,,,false,PT9364723001,25172600
6e61bc66-5eaf-4c39-a87c-0df92c680ab5,4ed0decf-6d29-4681-aa9d-39bc7b8a7e58,RAV4 BSM 6X3,,,3706.60,,true,false,,,,0,2026-02-08 21:39:17.765159,2026-02-08 21:39:17.765159,refaccion,false,,,false,PT9384219006,10141605
55e81091-98c0-4271-a3c9-7f0d109ad168,4ed0decf-6d29-4681-aa9d-39bc7b8a7e58,RUNNING BOARD,,,8220.10,,true,false,,,,0,2026-02-08 21:39:17.765159,2026-02-08 21:39:17.765159,refaccion,false,,,false,PT93848200,10141605
54637ed4-5ab3-4687-9d56-a7ab7b3ed3fa,4ed0decf-6d29-4681-aa9d-39bc7b8a7e58,MOLDURA PARA CARROCERIA,,,3706.60,,true,false,,,,0,2026-02-08 21:39:17.765159,2026-02-08 21:39:17.765159,refaccion,false,,,false,PT9388925201,30162000
e6659180-d6c2-4964-b7ef-10abf83a796a,4ed0decf-6d29-4681-aa9d-39bc7b8a7e58,SIENNA IDS,,,3706.60,,true,false,,,,0,2026-02-08 21:39:17.765159,2026-02-08 21:39:17.765159,refaccion,false,,,false,PT94208210,55121720
8dfcdf27-6635-4b04-9069-adf783798245,4ed0decf-6d29-4681-aa9d-39bc7b8a7e58,RUEDA SIN NEUMATICO,,,4035.98,,true,false,,,,0,2026-02-08 21:39:17.765159,2026-02-08 21:39:17.765159,refaccion,false,,,false,PT9460221002,25191700
33d44a74-13d6-4d47-9262-e9951ee008f3,4ed0decf-6d29-4681-aa9d-39bc7b8a7e58,LAMPARA DE INCANDESC,,,247.04,,true,false,,,,0,2026-02-08 21:39:17.765159,2026-02-08 21:39:17.765159,refaccion,false,,,false,PT94800220,25191700
f39d95f8-8d2c-45c4-b2cc-786f98c1170f,4ed0decf-6d29-4681-aa9d-39bc7b8a7e58,CAM ACCENT LIGHTING,,,5584.41,,true,false,,,,0,2026-02-08 21:39:17.765159,2026-02-08 21:39:17.765159,refaccion,false,,,false,PT9480321012,25174419
d74be24c-16da-4bcb-a3b6-ff7a0e0c4d48,4ed0decf-6d29-4681-aa9d-39bc7b8a7e58,CAMH XSE GLOSS,,,1301.40,,true,false,,,,0,2026-02-08 21:39:17.765159,2026-02-08 21:39:17.765159,refaccion,false,,,false,PT9480325602,10141605
57ef18bb-b576-4352-8155-3f5c8e52014f,4ed0decf-6d29-4681-aa9d-39bc7b8a7e58,BLACK OVERLAY TACOMA,,,2471.00,,true,false,,,,0,2026-02-08 21:39:17.765159,2026-02-08 21:39:17.765159,refaccion,false,,,false,PT9483518002,25174418
c42397e3-47ab-4291-9018-4513c1ee3ba7,4ed0decf-6d29-4681-aa9d-39bc7b8a7e58,INSERT TG BLACK TACO,,,1070.70,,true,false,,,,0,2026-02-08 21:39:17.765159,2026-02-08 21:39:17.765159,refaccion,false,,,false,PT9483518102,25172600
9dc8c659-cdce-4262-b445-e38a2361c040,4ed0decf-6d29-4681-aa9d-39bc7b8a7e58,EMBLEMA,,,1301.40,,true,false,,,,0,2026-02-08 21:39:17.765159,2026-02-08 21:39:17.765159,refaccion,false,,,false,PT9483524102,55121720
8b4299b5-2853-443c-9617-608dfe664016,4ed0decf-6d29-4681-aa9d-39bc7b8a7e58,EMBLEMA PARA AUTOMOVIL,,,741.32,,true,false,,,,0,2026-02-08 21:39:17.765159,2026-02-08 21:39:17.765159,refaccion,false,,,false,PT9483524502,55121720
d371a0c7-7ca9-48f9-ae8e-df05c8cc9e13,4ed0decf-6d29-4681-aa9d-39bc7b8a7e58,4RUN EEMB RFLCTIVE B,,,741.32,,true,false,,,,0,2026-02-08 21:39:17.765159,2026-02-08 21:39:17.765159,refaccion,false,,,false,PT9488925312,25174400
90e1cf65-de04-4c00-9e98-617edd26d499,4ed0decf-6d29-4681-aa9d-39bc7b8a7e58,4 RUN CROSS BAR,,,6589.32,,true,false,,,,0,2026-02-08 21:39:17.765159,2026-02-08 21:39:17.765159,refaccion,false,,,false,PT97089251,25174418
602af588-9449-4c04-b9a8-d81577115c5a,4ed0decf-6d29-4681-aa9d-39bc7b8a7e58,4RUN HV CONSOLE,,,6012.69,,true,false,,,,0,2026-02-08 21:39:17.765159,2026-02-08 21:39:17.765159,refaccion,false,,,false,PT9728925102,25172600
79437e40-e53b-4790-ae0d-693575c60d29,4ed0decf-6d29-4681-aa9d-39bc7b8a7e58,TUN SSBX BLK RT,,,4283.02,,true,false,,,,0,2026-02-08 21:39:17.765159,2026-02-08 21:39:17.765159,refaccion,false,,,false,PT97334220RH,25174400
f35b53fe-12cd-4991-8957-7694e4f38154,4ed0decf-6d29-4681-aa9d-39bc7b8a7e58,CAJA DE SEGURIDAD,,,1630.78,,true,false,,,,0,2026-02-08 21:39:17.765159,2026-02-08 21:39:17.765159,refaccion,false,,,false,PT97635241,25174808
8eda9e40-36e1-4e66-b6e0-7bc9b2875ff8,4ed0decf-6d29-4681-aa9d-39bc7b8a7e58,TRAILER BALL,,,395.39,,true,false,,,,0,2026-02-08 21:39:17.765159,2026-02-08 21:39:17.765159,refaccion,false,,,false,PT98600270,25174418
f1ab116a-a0c8-4969-bc7a-2ba57cff2ebc,4ed0decf-6d29-4681-aa9d-39bc7b8a7e58,TAPETES CARGOMAT TOYOTA RAIZE,,,0.00,,true,false,,,,0,2026-02-08 21:39:17.765159,2026-02-08 21:39:17.765159,refaccion,false,,,false,PTCG541046,25174418
d5e90ca0-67e3-444a-bb4e-81f126432e90,4ed0decf-6d29-4681-aa9d-39bc7b8a7e58,PROTECTOR DILO DE PUERTA,,,0.00,,true,false,,,,0,2026-02-08 21:39:17.765159,2026-02-08 21:39:17.765159,refaccion,false,,,false,PTCTDP3IR1,39121719
7276a2b2-89cd-4b3c-8835-19d2513ec32d,4ed0decf-6d29-4681-aa9d-39bc7b8a7e58,MULTI CHARGE CABLE,,,1136.71,,true,false,,,,0,2026-02-08 21:39:17.765159,2026-02-08 21:39:17.765159,refaccion,false,,,false,PTQ7600230,42141803
93a0583f-0f22-413d-8064-fa04e9ef72fc,4ed0decf-6d29-4681-aa9d-39bc7b8a7e58,4RUN TRD WHELL W/CEN,,,4925.44,,true,false,,,,0,2026-02-08 21:39:17.765159,2026-02-08 21:39:17.765159,refaccion,false,,,false,PTR2035110F5,25173800
7d432156-d017-43ec-843a-a24515ca7bb0,4ed0decf-6d29-4681-aa9d-39bc7b8a7e58,FJ 4RUN 17 IM GRPHIT,,,4925.44,,true,false,,,,0,2026-02-08 21:39:17.765159,2026-02-08 21:39:17.765159,refaccion,false,,,false,PTR2035110GR,55121720
9d040f9b-ec61-4307-be4d-a7a109968416,4ed0decf-6d29-4681-aa9d-39bc7b8a7e58,TRD QUICKSHIFT MANUA,,,3903.76,,true,false,,,,0,2026-02-08 21:39:17.765159,2026-02-08 21:39:17.765159,refaccion,false,,,false,PTR4652081,55121720
a50b5994-f5d4-4487-afbd-7d3b46f71f2c,4ed0decf-6d29-4681-aa9d-39bc7b8a7e58,RINES,,,5943.89,,true,false,,,,0,2026-02-08 21:39:17.765159,2026-02-08 21:39:17.765159,refaccion,false,,,false,PTR56352402F,25171901
ca11704b-fa11-4427-a2ff-bf04a8d2dedd,4ed0decf-6d29-4681-aa9d-39bc7b8a7e58,TACOMA SHIFT KNOB,,,1729.68,,true,false,,,,0,2026-02-08 21:39:17.765159,2026-02-08 21:39:17.765159,refaccion,false,,,false,PTR5735171,55121720
42aac75f-c058-49c8-982e-6bcd54f588fb,4ed0decf-6d29-4681-aa9d-39bc7b8a7e58,RAV/RAVH CCGMT W/SU,,,2141.62,3025fc9b-e2ba-416c-b62e-af1cffa6611a,true,false,[],,,0,2026-02-08 21:39:17.765159,2026-02-11 17:36:33.994787,refaccion,false,,,false,PT9264219820,25174418
094d438d-051b-49c2-8c4b-7bc6a20aeba4,4ed0decf-6d29-4681-aa9d-39bc7b8a7e58,UNIV TABLET HOLDER,,,1301.40,,true,false,[],,,0,2026-02-08 21:39:17.765159,2026-02-11 00:21:54.679069,refaccion,false,,,false,PT9494716002,25174802
4762be73-6299-4421-859d-2c93e403dffa,4ed0decf-6d29-4681-aa9d-39bc7b8a7e58,MULTI CHARGE,,,1136.71,3025fc9b-e2ba-416c-b62e-af1cffa6611a,true,false,[],,,0,2026-02-08 21:39:17.765159,2026-02-11 17:39:01.445371,refaccion,false,,,false,PT97603200,25173900
47fc5320-b0d6-4d4a-80be-692341e7d168,4ed0decf-6d29-4681-aa9d-39bc7b8a7e58,TACO TOWHOOK,,,2635.69,3025fc9b-e2ba-416c-b62e-af1cffa6611a,true,false,[],,,0,2026-02-08 21:39:17.765159,2026-02-11 17:52:45.085812,refaccion,false,,,false,PT97435250,25111914
812c0a29-cf40-45c9-8948-6077dd0754a8,4ed0decf-6d29-4681-aa9d-39bc7b8a7e58,SKID PLATE FRONT,,,6589.32,,true,false,,,,0,2026-02-08 21:39:17.765159,2026-02-08 21:39:17.765159,refaccion,false,,,false,PTR6035190,25172600
d10d60a8-54ba-49fc-a3a3-cd4c0757c5a0,4ed0decf-6d29-4681-aa9d-39bc7b8a7e58,MUDGUARD CAMRY KIT,,,1812.02,,true,false,,,,0,2026-02-08 21:39:17.765159,2026-02-08 21:39:17.765159,refaccion,false,,,false,PU06003180TP,25172600
52f2c62c-39cc-479d-a3c7-da6574551315,4ed0decf-6d29-4681-aa9d-39bc7b8a7e58,PROTECTOR DE FACIA TRASERA,,,2339.63,,true,false,,,,0,2026-02-08 21:39:17.765159,2026-02-08 21:39:17.765159,refaccion,false,,,false,PU06048214P1,25172600
dd79c457-5ef0-4394-bde5-a6e690e7c646,4ed0decf-6d29-4681-aa9d-39bc7b8a7e58,XBAR COROLLA,,,4925.44,,true,false,,,,0,2026-02-08 21:39:17.765159,2026-02-08 21:39:17.765159,refaccion,false,,,false,PW30102008,25172600
f3e8ecf6-e0b7-4398-b21f-09d163203e87,4ed0decf-6d29-4681-aa9d-39bc7b8a7e58,CRSBAR PRIUS,,,7311.29,,true,false,,,,0,2026-02-08 21:39:17.765159,2026-02-08 21:39:17.765159,refaccion,false,,,false,PW30147009,25172600
9d962036-2807-43ca-9916-30ae523a729b,4ed0decf-6d29-4681-aa9d-39bc7b8a7e58,PRS ALLOY WHLS,,,0.00,,true,false,,,,0,2026-02-08 21:39:17.765159,2026-02-08 21:39:17.765159,refaccion,false,,,false,PW45747001ZB,26101700
e97d51f9-6c4b-4e84-a041-675a6878d960,4ed0decf-6d29-4681-aa9d-39bc7b8a7e58,PORTABICICLETA YAKIMA HOLDUP,,,0.00,,true,false,,,,0,2026-02-08 21:39:17.765159,2026-02-08 21:39:17.765159,refaccion,false,,,false,T570062443,20121445
13ac3fbd-f038-4971-8877-4b36dcdfa2aa,4ed0decf-6d29-4681-aa9d-39bc7b8a7e58,PORTABICICLETA YAKIMA BACKROAD,,,0.00,,true,false,,,,0,2026-02-08 21:39:17.765159,2026-02-08 21:39:17.765159,refaccion,false,,,false,T570062702,20121445
67bb315e-d358-4824-8606-167134d94cc8,4ed0decf-6d29-4681-aa9d-39bc7b8a7e58,SUPAGLASS PROTECCION DE CRISTALES,,,0.00,,true,false,,,,0,2026-02-08 21:39:17.765159,2026-02-08 21:39:17.765159,refaccion,false,,,false,T57006GLASS8,31242202
74484228-aa04-40b2-b58a-d0e62acd572d,4ed0decf-6d29-4681-aa9d-39bc7b8a7e58,KIT TAPETES RAIZE,,,0.00,,true,false,,,,0,2026-02-08 21:39:17.765159,2026-02-08 21:39:17.765159,refaccion,false,,,false,T57006KITRAIZE,25174418
3e648383-cd90-43fd-9052-fb3d693ba5ed,4ed0decf-6d29-4681-aa9d-39bc7b8a7e58,TAPA ROLUP ELECTRICA TACOMA,,,0.00,,true,false,,,,0,2026-02-08 21:39:17.765159,2026-02-08 21:39:17.765159,refaccion,false,,,false,T57006TRET,26101715
47c68df5-585a-4a0b-b3b8-b09089721bae,4ed0decf-6d29-4681-aa9d-39bc7b8a7e58,THULE FORCE XT S THULE FORCE,,,0.00,,true,false,,,,0,2026-02-08 21:39:17.765159,2026-02-08 21:39:17.765159,refaccion,false,,,false,TFXT3917HL,25174800
0cc43f4b-cce9-4455-b863-6d10aa15cd15,4ed0decf-6d29-4681-aa9d-39bc7b8a7e58,TAPONES DE VALVULA,,,0.00,,true,false,,,,0,2026-02-08 21:39:17.765159,2026-02-08 21:39:17.765159,refaccion,false,,,false,TP2V21445U,20122006
ea275cc3-e4bb-422a-9119-557b828cf2b9,4ed0decf-6d29-4681-aa9d-39bc7b8a7e58,TAPETE CAJUELA,,,0.00,,true,false,,,,0,2026-02-08 21:39:17.765159,2026-02-08 21:39:17.765159,refaccion,false,,,false,TP820213CJ,25174418
becbd3e2-0ae8-4e41-bf9f-29916e7e571b,4ed0decf-6d29-4681-aa9d-39bc7b8a7e58,TAPETE INTERIOR,,,0.00,,true,false,,,,0,2026-02-08 21:39:17.765159,2026-02-08 21:39:17.765159,refaccion,false,,,false,TP820213IN,25174418
66361b90-7348-4ab7-8afc-6e1be43699fe,4ed0decf-6d29-4681-aa9d-39bc7b8a7e58,TAPONES DE VULVA CON LLAVERO,,,0.00,,true,false,,,,0,2026-02-08 21:39:17.765159,2026-02-08 21:39:17.765159,refaccion,false,,,false,TPVCLL24R1,24122004
c7d7a793-a3b5-4c4f-a5fe-251a05803620,4ed0decf-6d29-4681-aa9d-39bc7b8a7e58,TERMO 18CM,,,0.00,,true,false,,,,0,2026-02-08 21:39:17.765159,2026-02-08 21:39:17.765159,refaccion,false,,,false,TRM188202R,41112217
6b69cbb1-b333-4dce-a6f5-0560b65bfae6,4ed0decf-6d29-4681-aa9d-39bc7b8a7e58,TERMO 23CM,,,0.00,,true,false,,,,0,2026-02-08 21:39:17.765159,2026-02-08 21:39:17.765159,refaccion,false,,,false,TRM238202C,41112217
17f49cf4-9a90-4a66-9c6c-c102f96bb835,4ed0decf-6d29-4681-aa9d-39bc7b8a7e58,EUROBUMPER DEL NG,,,8500.00,,true,false,,,,0,2026-02-08 21:39:17.765159,2026-02-08 21:39:17.765159,refaccion,false,,,false,TTBUMPER,25172603
dc47f9d9-cfa4-4d65-bc4c-19e95717da50,4ed0decf-6d29-4681-aa9d-39bc7b8a7e58,PROTECTOLUNA,,,0.00,,true,false,,,,0,2026-02-08 21:39:17.765159,2026-02-08 21:39:17.765159,refaccion,false,,,false,TTPROT,25172100
d82e0c19-d472-4ab2-b46f-394fdd70ae36,4ed0decf-6d29-4681-aa9d-39bc7b8a7e58,GORRA TIPO RACING,,,0.00,,true,false,,,,0,2026-02-08 21:39:17.765159,2026-02-08 21:39:17.765159,refaccion,false,,,false,TTZA-0701,53102516
48e78d48-8419-4a80-99f2-bf01ea761960,4ed0decf-6d29-4681-aa9d-39bc7b8a7e58,KIT DE ASISTENCIA EN EL CAMINO,,,1379.31,3025fc9b-e2ba-416c-b62e-af1cffa6611a,true,false,[],,,0,2026-02-08 21:39:17.765159,2026-02-11 17:56:43.874432,refaccion,false,,,false,TAM-KIT9153,25191700
1884488b-d237-4149-9850-3822fe0c3e47,4ed0decf-6d29-4681-aa9d-39bc7b8a7e58,HDLDR BLMT,,,807.11,,true,false,[],,,0,2026-02-08 21:39:17.765159,2026-02-11 00:21:54.679069,refaccion,false,,,false,PT22848205,25174418
18944d6a-48b4-4c1b-907b-eaef29c8826c,4ed0decf-6d29-4681-aa9d-39bc7b8a7e58,FOG BEZEL L FRONT,,,1131.76,,true,false,[],,,0,2026-02-08 21:39:17.765159,2026-02-11 00:21:54.679069,refaccion,false,,,false,PT22835170BB,25174418
21d64c45-0405-4ca0-9484-9674f1cdf0cb,4ed0decf-6d29-4681-aa9d-39bc7b8a7e58,COR CRS AWFL,,,3113.42,,true,false,[],,,0,2026-02-08 21:39:17.765159,2026-02-11 00:21:54.679069,refaccion,false,,,false,PT2061622020,25172600
20152895-5a5e-4cfa-b2c8-872f7fc5c0a5,4ed0decf-6d29-4681-aa9d-39bc7b8a7e58,SIENNA 21 AWFL 7PASS W/CO,,,4283.02,,true,false,[],,,0,2026-02-08 21:39:17.765159,2026-02-11 00:21:54.679069,refaccion,false,,,false,PT2060821002,25174418
24a0e207-ae2d-4c34-ab1a-a5175914ee23,4ed0decf-6d29-4681-aa9d-39bc7b8a7e58,"COVER, BUMPER FR",,,4493.29,,true,false,[],,,0,2026-02-08 21:39:17.765159,2026-02-11 00:21:54.679069,refaccion,false,,,false,PT22835170AB,25172900
24ad13f9-3119-4482-be6c-d9b501aef10c,4ed0decf-6d29-4681-aa9d-39bc7b8a7e58,CAMRY FMAT BLACK GAS,,,2948.73,,true,false,[],,,0,2026-02-08 21:38:55.683603,2026-02-11 00:21:54.679069,refaccion,false,,,false,PT2060318002,25174418
28fe192d-84db-4b5a-b785-910741291112,4ed0decf-6d29-4681-aa9d-39bc7b8a7e58,PROTECTOR FACIA TRASERA,,,1053.72,,true,false,[],,,0,2026-02-08 21:39:17.765159,2026-02-11 00:21:54.679069,refaccion,false,,,false,PT27852120,25172600
2ce967df-14d4-4015-8bc2-7711775a9608,4ed0decf-6d29-4681-aa9d-39bc7b8a7e58,MUDGUARD KIT RAV4,,,1812.02,,true,false,[],,,0,2026-02-08 21:39:17.765159,2026-02-11 00:21:54.679069,refaccion,false,,,false,PK38942K00TP,25172600
113d99cb-03bc-4fa3-806c-1c5c5537e28a,4ed0decf-6d29-4681-aa9d-39bc7b8a7e58,4RUN EEMB MATTE,,,741.32,,true,false,[],,,0,2026-02-08 21:39:17.765159,2026-02-11 00:21:54.679069,refaccion,false,,,false,PT9488925302,25174400
0331f2ab-e1eb-417a-9b08-e8b7a29d7940,4ed0decf-6d29-4681-aa9d-39bc7b8a7e58,GUARDAFANGOS DELANTEROS,,,0.00,,true,false,[],,,0,2026-02-08 21:39:17.765159,2026-02-11 00:21:54.679069,refaccion,false,,,false,PK389160P00TP,25171600
0b0787d4-d2b2-4720-a0e7-9023ea0aa3ce,4ed0decf-6d29-4681-aa9d-39bc7b8a7e58,LODERAS,,,684.56,,true,false,[],,,0,2026-02-08 21:39:17.765159,2026-02-11 00:21:54.679069,refaccion,false,,,false,PU06052012,25172600
178e754b-8570-4ce8-be7c-d1a54f8a5016,4ed0decf-6d29-4681-aa9d-39bc7b8a7e58,SIEN CFLM BLK,,,4283.02,,true,false,[],,,0,2026-02-08 21:39:17.765159,2026-02-11 00:21:54.679069,refaccion,false,,,false,PT2060821820,25174418
1cdf596d-32e1-44fe-8f07-9964d3a27bf3,4ed0decf-6d29-4681-aa9d-39bc7b8a7e58,TACOMA SE 17 IN FLT BL,,,4925.44,,true,false,[],,,0,2026-02-08 21:39:17.765159,2026-02-11 00:21:54.679069,refaccion,false,,,false,PTR2035110BK,25173800
23f97d5e-d945-4a92-93c5-e22945355c15,4ed0decf-6d29-4681-aa9d-39bc7b8a7e58,ESTRIBOS,,,19356.24,,true,false,[],,,0,2026-02-08 21:39:17.765159,2026-02-11 00:21:54.679069,refaccion,false,,,false,PT76735100,10141605
26dc4781-7a84-4ad4-8be0-c1de442170ca,4ed0decf-6d29-4681-aa9d-39bc7b8a7e58,TUNAWFL,,,3278.11,,true,false,[],,,0,2026-02-08 21:39:17.765159,2026-02-11 00:21:54.679069,refaccion,false,,,false,PT2063422220,25174418
351c35dc-902f-4160-80e6-beacec2793a4,4ed0decf-6d29-4681-aa9d-39bc7b8a7e58,MONTAJE,,,938.91,,true,false,[],,,0,2026-02-08 21:39:17.765159,2026-02-11 00:21:54.679069,refaccion,false,,,false,PT22848141,10141605
374eeb89-3f3c-4d69-bd41-692d0f1287bb,4ed0decf-6d29-4681-aa9d-39bc7b8a7e58,SIENNA CRBR,,,2619.35,,true,false,[],,,0,2026-02-08 21:39:17.765159,2026-02-11 00:21:54.679069,refaccion,false,,,false,PT27808500,25172600
39b03aab-fa59-4937-91b7-205fb73d1354,4ed0decf-6d29-4681-aa9d-39bc7b8a7e58,COR CRS BUMPCVR 2PC,,,1037.81,,true,false,[],,,0,2026-02-08 21:39:17.765159,2026-02-11 00:21:54.679069,refaccion,false,,,false,PT22816222,25172900
3d52812c-6c88-4086-ad92-1c38509ef29e,4ed0decf-6d29-4681-aa9d-39bc7b8a7e58,TOY C-HR AWM,,,2665.14,,true,false,[],,,0,2026-02-08 21:39:17.765159,2026-02-11 00:21:54.679069,refaccion,false,,,false,PT2061C16020,25174418
0791d5e9-98c2-414c-86a4-611ec2278c91,4ed0decf-6d29-4681-aa9d-39bc7b8a7e58,RAV ROCKER PANEL RT,,,477.73,,true,false,[],,,0,2026-02-08 21:39:17.765159,2026-02-11 00:21:54.679069,refaccion,false,,,false,PT59342001RH,25172600
0e70215c-99be-4047-bda8-3ce666e5e74f,4ed0decf-6d29-4681-aa9d-39bc7b8a7e58,RAV ROCKER PANEL LT,,,477.73,,true,false,[],,,0,2026-02-08 21:39:17.765159,2026-02-11 00:21:54.679069,refaccion,false,,,false,PT59342001LH,25172600
12fbc140-2c9e-4f59-8e48-f3bec516b6d0,4ed0decf-6d29-4681-aa9d-39bc7b8a7e58,CUBIERTA PARA TAPA,,,2223.96,,true,false,[],,,0,2026-02-08 21:39:17.765159,2026-02-11 00:21:54.679069,refaccion,false,,,false,PT7318925012,31181800
1f5708b7-3542-4792-b2b7-6126150c8f01,4ed0decf-6d29-4681-aa9d-39bc7b8a7e58,4RUN EEMB CHROME ILL,,,4200.67,,true,false,[],,,0,2026-02-08 21:39:17.765159,2026-02-11 00:21:54.679069,refaccion,false,,,false,PT41389251,25172600
23c4b42d-8758-4d44-8aaa-f58d94587bd5,4ed0decf-6d29-4681-aa9d-39bc7b8a7e58,JUEGO DE REVESTIMIENTO,,,3113.42,,true,false,[],,,0,2026-02-08 21:39:17.765159,2026-02-11 00:21:54.679069,refaccion,false,,,false,PT9084723020,25172600
39e0fdc8-877c-479f-8f7e-119a52d12788,4ed0decf-6d29-4681-aa9d-39bc7b8a7e58,COR CRS DSPT STN STL/PLAS,,,2553.34,,true,false,[],,,0,2026-02-08 21:39:17.765159,2026-02-11 00:21:54.679069,refaccion,false,,,false,PT41316220,25174418
3bf02080-b33c-4a29-9acd-c9bbe9f60ca5,4ed0decf-6d29-4681-aa9d-39bc7b8a7e58,ESTRIBO,,,6342.29,,true,false,[],,,0,2026-02-08 21:39:17.765159,2026-02-11 00:21:54.679069,refaccion,false,,,false,PT39235920,10141605
152a4158-b7ba-4824-acbc-376af5af0549,4ed0decf-6d29-4681-aa9d-39bc7b8a7e58,PRIUS FMAT BLACK,,,1424.59,,true,false,[],,,0,2026-02-08 21:39:17.765159,2026-02-11 00:21:54.679069,refaccion,false,,,false,PT9194716020,25174418
1ac22493-137d-465e-858f-3b6870ebc08f,4ed0decf-6d29-4681-aa9d-39bc7b8a7e58,RAV4 DEG SUPER WHITE,,,2141.62,,true,false,[],,,0,2026-02-08 21:39:17.765159,2026-02-11 00:21:54.679069,refaccion,false,,,false,PT9364219100,25172600
1d80b5a7-9368-4ad6-b081-2809df9e43f1,4ed0decf-6d29-4681-aa9d-39bc7b8a7e58,PROTECTOR DE PANTALLA,,,1136.71,,true,false,[],,,0,2026-02-08 21:39:17.765159,2026-02-11 00:21:54.679069,refaccion,false,,,false,PT97635240,39121719
1a49a317-457f-4e15-b695-ac97be5681bc,4ed0decf-6d29-4681-aa9d-39bc7b8a7e58,TUN SSBX BLK LEFT,,,4283.02,,true,false,[],,,0,2026-02-08 21:39:17.765159,2026-02-11 00:21:54.679069,refaccion,false,,,false,PT97334220LH,25174400
2ef258b4-6ad4-4c14-b120-c25eacb002d9,4ed0decf-6d29-4681-aa9d-39bc7b8a7e58,GUARDA PROTECTORA,,,2141.62,,true,false,[],,,0,2026-02-08 21:39:17.765159,2026-02-11 00:21:54.679069,refaccion,false,,,false,PT9360220031,24111507
3b936a5d-4ab8-4e30-b02b-4590ff895218,4ed0decf-6d29-4681-aa9d-39bc7b8a7e58,RAV4 CGTRY,,,3706.60,,true,false,[],,,0,2026-02-08 21:39:17.765159,2026-02-11 00:21:54.679069,refaccion,false,,,false,PT9384219020,25172600
2acd6d76-bd0b-4562-9d6b-d589f3075de2,4ed0decf-6d29-4681-aa9d-39bc7b8a7e58,RNING BRD KIT,,,6572.77,,true,false,[],,,0,2026-02-08 21:39:17.765159,2026-02-11 00:21:54.679069,refaccion,false,,,false,PZQ4442121,25174802
303f0d89-99d3-4d95-8513-35c44b28f05e,4ed0decf-6d29-4681-aa9d-39bc7b8a7e58,PARRILLA TRD PARA TOYOTA TUNDRA,,,0.00,,true,false,[],,,0,2026-02-08 21:39:17.765159,2026-02-11 00:21:54.679069,refaccion,false,,,false,2098953112TU,25172600
3a1b5fc9-1833-4726-a02b-d8ee202bf0f0,4ed0decf-6d29-4681-aa9d-39bc7b8a7e58,COR CRS MUDG HWR BLK,,,1894.37,,true,false,[],,,0,2026-02-08 21:39:17.765159,2026-02-11 00:21:54.679069,refaccion,false,,,false,PK38916N00TP,25174418
3ea460c9-6b7d-47fe-97ff-50fe5572c82f,4ed0decf-6d29-4681-aa9d-39bc7b8a7e58,BSM COROLLA 1K3 GRAY,,,3706.60,,true,false,[],,,0,2026-02-08 21:39:17.765159,2026-02-11 00:21:54.679069,refaccion,false,,,false,PT29A0220011,25172600
03760fff-180e-4386-8abe-b89aa9267204,4ed0decf-6d29-4681-aa9d-39bc7b8a7e58,RED DE CARGA CON BOLSA,"La red de carga ligera ayuda a proteger los objetos cotidianos y a evitar que se muevan.

Se instala y desinstala rápidamente.
La red tipo sobre se adapta a una amplia variedad de formas y tamaños.",,972.02,,true,false,[],,,0,2026-02-08 21:39:17.765159,2026-02-11 00:21:54.679069,refaccion,false,,,false,PT34708210,24111507
f03cb42c-607d-4e0f-a4df-9907fc06033a,4ed0decf-6d29-4681-aa9d-39bc7b8a7e58,SEQ CROSS BAR,,,5848.00,,true,false,[],,,0,2026-02-08 21:39:17.765159,2026-02-11 00:21:54.679069,refaccion,false,,,false,PT7670C660,10141605
09dbcfab-534f-4474-aed6-b824e5313766,4ed0decf-6d29-4681-aa9d-39bc7b8a7e58,CAJA PARA HERRAMIENTAS,,,6589.32,,true,false,[],,,0,2026-02-08 21:39:17.765159,2026-02-11 00:21:54.679069,refaccion,false,,,false,PT76735240,25191700
0364a994-34f9-42f2-861c-b52b8f34cc1e,4ed0decf-6d29-4681-aa9d-39bc7b8a7e58,LODERA,,,2059.27,,true,false,[],,,0,2026-02-08 21:39:17.765159,2026-02-11 00:21:54.679069,refaccion,false,,,false,PK38935S00TP,25174400