product_uuid,product_name,category_uuid,category_name
9bd6354a-523c-4bf2-9106-81613b0d50af,PARRILLA CON LUCES LED TOYOTA TACOMA,1ccb6f60-7143-4ae7-9594-99d609f946f6,Foco LED
53ad827e-0f9d-4010-8cab-766cf1528035,LUCES DRL PARA TOYOTA TACOMA,ab15057d-d440-4441-b3be-7013fce349d8,Luces antiniebla
a61b3811-09c2-43ed-9097-3fcd7ddde0c0,THULE FORCE XTM PARA TOYOTA,b5bffdd9-0c8f-4ed6-9baa-08ac456da26d,Thule
1a9e9111-1fc5-47d6-b939-e5553b4c6cbc,UNDERCOVER ULTRA FLEX PARA TOYOTA TACOMA,,Sin categoría
beb46541-5691-4de0-a8cb-c89327aab33f,TAPA ULTRA FLEX PARA TOYOTA HILUX,cc2dc414-eb3b-4340-a1fa-e3938e59e74c,Rin y tapa de rin
f8407dbb-bd3a-4f0e-a540-68e6c7f18eb0,KIT DE INSTALACION CAPROCK CROSSBAR,1e9a436f-88a7-4b05-afdf-d77f214f157d,Body kit
67798484-adfb-4553-80cf-cae4ad9a38e9,CANASTILLA PARA TOYOTA XT,9c3e9b81-311e-42f5-a3b1-65c634ff2c92,Canastilla de techo
36dda839-1ad0-4eb6-b97b-ac64d2b6efe5,ESTRIBOS ELECTRICOS PARA TOYOTA,1a7bf761-64f4-4c6f-afc7-cb4d8e602e77,Estribos
3554ec6c-fb64-4a25-8224-a267029a93ae,ROLL BAR SPORT 2.0 (FULL SIZE) PARA TOYOTA,,Sin categoría
6cf82e4e-a26a-4c13-8fab-6ad5f36ed6ea,BARRAS SPORT BAR 2.0 BLACK PARA TOYOTA,7418d2c5-b9e3-44c1-8ff1-b846ec5caa6a,Barra de luz
52c7900a-4cac-4fe7-acc9-e51bc2583789,JUEGO BARRA DE ALUMINIO WINGBAR TOYOTA,7418d2c5-b9e3-44c1-8ff1-b846ec5caa6a,Barra de luz
6d6fc9d6-7f72-4ada-9eb5-faa8a0ee90e3,HITCH TIRON CLASE III PARA TOYOTA,,Sin categoría
f004e674-172b-43f5-940f-419de790d985,SPORT BAR 2.0 PARA NEW TOYOTA TACOMA,,Sin categoría
2c8a8ce0-60e5-4729-be65-371ebf308034,BEDLINER CON LOGO PARA TOYOTA HILUX,31628bf1-d2d1-4d21-9785-ec916b030f3a,Parachoques trasero con escalón
0e5741ea-8537-40dd-9aea-256bb7580fd3,KIT MOUNTS,1e9a436f-88a7-4b05-afdf-d77f214f157d,Body kit
d78ab622-d485-45f4-8173-738132530019,THULE REFACCION,b5bffdd9-0c8f-4ed6-9baa-08ac456da26d,Thule
25ba0400-5b3e-43ce-8613-db807b5b642d,ROLL AND LOCK XT TOYOTA TACOMA 5FT NEW,,Sin categoría
fbdc9f82-d5a1-49c6-92da-b23d4b9ecbd4,HUSKY AEROSKIN LOW HOOD HILUX,,Sin categoría
9e9c4fad-73ad-48a5-b543-d777967dd33c,HUSKY AEROSKIN LOW HOOD RAV 4,,Sin categoría
d3f3f491-8667-498f-91cc-aeed207e8a49,HUSKY AEROSKIN LOW HOOD TACOMA,,Sin categoría
196753bf-44b1-4acb-9564-0c74432a2d41,20989ASA00TN,,Sin categoría
04dc0410-f696-4c7e-927e-befc6211e5ea,BASES (BRACKETS) PARA FAROS RGBW,7dfa4ea7-9ba4-4038-b107-6a93d7a03312,Faro
6551005d-a60f-41fe-821c-fe39b4c1a3bf,BARRAS TRANSVERSALES PRIUS 25,c6b0761c-7759-48db-a4fa-51fcf348a1f9,Barras transversales
69939b5c-6871-4935-a793-858ca9989548,BOLSA THULE INTERSTATE PARA TOYOTA,b5bffdd9-0c8f-4ed6-9baa-08ac456da26d,Thule
5735c599-62ab-4d0d-a303-8e0a5dbd1b11,CANTONERAS PARA HILUX,,Sin categoría
7ac802c2-0192-4fb6-8ac5-38f295fc2e49,CAT PROTECTOR TOYOTA HILUX,577d0803-b936-4ea3-91f8-9e128ff21409,Protector catalítico
91cba39a-1d75-4459-b35e-c3642a91d0c8,XRS CROSS BAR KIT UNIVERSAL MID SIZE,1e9a436f-88a7-4b05-afdf-d77f214f157d,Body kit
0cabf0fa-b621-4d84-bb88-dec1b9e240e4,ESTRIBOS ELECTRICOS NEW TOYOTA TACOMA,1a7bf761-64f4-4c6f-afc7-cb4d8e602e77,Estribos
97777a55-e3b0-4aaa-8c11-7cdbc9ebb58e,ESTRIBOS ELECTRICOS PARA TOYOTA 4RUNNER,1a7bf761-64f4-4c6f-afc7-cb4d8e602e77,Estribos
0fa517c9-0fd8-4f00-a46b-b88c83e9b17e,FAROS RADIANCE RIGGID RGBW,7dfa4ea7-9ba4-4038-b107-6a93d7a03312,Faro
e60cedd3-cae7-494e-8e1f-2c82a737fad5,BAUL DE EQUIPAJE THULE MOTION 3 L TH PARA TOYOTA,b5bffdd9-0c8f-4ed6-9baa-08ac456da26d,Thule
f0848a8a-ee13-49e2-8d07-dec7f8e5e4c1,PORTABICICLETAS THULE RANGE 4 BIKE PARA TOYOTA,74d5e89b-d6df-4cae-b436-547af9493183,Portabicicletas
ad6142e5-53d1-4864-ac4a-3295cb09b9be,PORTABICICLETAS THULE VERSE 2,74d5e89b-d6df-4cae-b436-547af9493183,Portabicicletas
c3f3a8d9-ad90-4181-b86e-e3d36c194769,PORTABICICLETAS THULE PRORIDE,74d5e89b-d6df-4cae-b436-547af9493183,Portabicicletas
8974dbd1-f152-43b2-9167-508591e79ddd,ROLL BAR CROMADO PARA TOYOTA,,Sin categoría
147431af-b65e-4535-a7b0-af3d792dd9b4,ROLL BAR TIPO A,,Sin categoría
436b0551-3994-4dd0-8c3a-7d9f23a379a1,COMBO ARCOS TIRON+CAJA,8ff74758-d2a7-48b9-9fb5-da501eab0af6,Anclajes de caja
0acf514e-8ec8-4836-865a-321b336291d2,CUBIERTA DE LONA PARA BATEA HILUX,2752b8aa-a630-4dbc-aa6b-7be0da716102,Cubierta de carga
2d43c93d-bdcf-4cda-a051-5244615aa217,BAUL THULE MOTION XXL TH PARA TOYOTA,b5bffdd9-0c8f-4ed6-9baa-08ac456da26d,Thule
fa9f567f-8386-4818-8d3f-04d7d364c881,RINES PARA TOYOTA SR,0a576a3e-9c6d-43c0-b54f-1fbd22224548,Rines
f3bc31df-d651-421f-88d4-9bde71ab69d6,ESTRIBOS PARA TOYOTA,1a7bf761-64f4-4c6f-afc7-cb4d8e602e77,Estribos
b2b7f60b-642f-4040-81f6-d2fe5173e9b2,RINES PARA TOYOTA,0a576a3e-9c6d-43c0-b54f-1fbd22224548,Rines
0e473099-0f4c-47be-8921-f1f9bd7559d1,CANASTILLA UNIVERSAL SR,9c3e9b81-311e-42f5-a3b1-65c634ff2c92,Canastilla de techo
04f3fb4f-d35f-46e9-a7e8-1ff2fb4f54d8,BODY KIT NEW TOYOTA TACOMA,1e9a436f-88a7-4b05-afdf-d77f214f157d,Body kit
17ccc7b1-f2d3-4285-b022-678aae446d83,BODY KIT PARA TOYOTA,1e9a436f-88a7-4b05-afdf-d77f214f157d,Body kit
e8baa571-3967-4842-81d0-c2a8e4f0d4ba,DRL LUZ DE DIA PARA TOYOTA,7418d2c5-b9e3-44c1-8ff1-b846ec5caa6a,Barra de luz
4a5f5abd-7065-42c7-aecb-615670deda12,TAPETES USO RUDO AVANZA 5P,d142e300-3a98-4d16-9710-2fc40408a8b5,Tapete de caja
edaa9bda-614d-406d-adbe-503054d5434b,TAPETES UNIVERSALES PARA TOYOTA,d142e300-3a98-4d16-9710-2fc40408a8b5,Tapete de caja
9efb4d66-ba6f-4c04-beee-16fd8369196b,TAPETES PARA YARIS,d142e300-3a98-4d16-9710-2fc40408a8b5,Tapete de caja
fa85bc16-e204-405b-888f-ea6d11d3ff05,TAPETES USO RUDO YARIS SEDAN 2024 COMP,d142e300-3a98-4d16-9710-2fc40408a8b5,Tapete de caja
28160a14-1a73-43a7-9627-4756473b5355,TAPETES PARA TOYOTA RAIZE,d142e300-3a98-4d16-9710-2fc40408a8b5,Tapete de caja
2206bd08-fb9e-4e78-bdfc-f222f321f7c6,TAPETE USO RUDO PARA TOYOTA RAIZE,d142e300-3a98-4d16-9710-2fc40408a8b5,Tapete de caja
69ba3d73-dad1-4d32-8e45-b03b441cc216,CAJA DE HERRAMIENTAS DE PLASTICO GRANDE,8b5ee1b6-3d18-46dc-8116-950642d40e4a,Herramientas
c0ffe6cc-0e65-4c61-9f87-595c25480c8b,SERVICIO DE PINTURA 5,cf900b54-2cf5-43ac-b29c-1775bdb9a423,Pintura
ef0458b6-6e42-4180-a2a4-a07c8bd27220,SERVICIO DE PINTURA 6,cf900b54-2cf5-43ac-b29c-1775bdb9a423,Pintura
9ff5ccd2-5e95-46ef-a31f-4c90142aead8,SERVICIO DE PINTURA 15,cf900b54-2cf5-43ac-b29c-1775bdb9a423,Pintura
04124409-c959-417e-93f8-4afb4d36d615,DESINSTALACION DE PELICULA,001e27c7-e662-47c2-8e32-ec171e3070c2,Película de borde de puerta
d742a269-0b21-48a1-846c-c380422eb1d9,"HEADLAMP ASSY,",,Sin categoría
c684326a-b010-4455-9780-813e33969008,"HEADLAMP ASSY,",,Sin categoría
d458bf50-a760-4370-bb56-ae534cc5ab08,CASA DE CAMPAÑA PARA TOYOTA TACOMA,,Sin categoría
a87c6444-7e27-46a4-b8ef-0d5c2837453c,PORTABICICLETAS APEX SWING 4 PARA TOYOTA,74d5e89b-d6df-4cae-b436-547af9493183,Portabicicletas
1f35a193-2d9c-49e9-8622-a397b38c14d4,RIN DE ALUMINIO C32,cc2dc414-eb3b-4340-a1fa-e3938e59e74c,Rin y tapa de rin
67976174-831c-46e1-84d7-40b4b5ddab46,TIRON PARA TOYOTA SC,,Sin categoría
ff990574-96d6-415d-b9af-94d1c45ebf99,PARRILLA PARA TOYOTA SC,0e804a0f-12cf-4f59-a210-efb40d5b4c53,Parrilla frontal
2d146ad6-fe4c-4d58-837d-5afa55e46e7b,DESCANZA BRAZOS PARA TOYOTA,c80f0acf-3911-4b99-a0f8-843790518809,Mangueta y brazo de eje delantero
4bdb03a9-45c0-4f38-9f51-afcc4e499a03,BARRAS DE TECHO PARA TOYOTA SC,7418d2c5-b9e3-44c1-8ff1-b846ec5caa6a,Barra de luz
18ee10a1-607f-49e5-b844-363bea368f11,CUBIERTA RIGIDA PARA TOYOTA,3dbe8f1e-344c-43ce-a205-daf1ef22bc56,RIGID
600a7b58-a6a1-4b1c-bcce-a15b5b024f56,BED LINER PARA TOYOTA SC,,Sin categoría
74fa4c19-234b-477a-8cf3-17aad3850881,CANASTILLA PARA TOYOTA SC,9c3e9b81-311e-42f5-a3b1-65c634ff2c92,Canastilla de techo
639b5da6-c4ed-4377-b3a6-4677589d6d6a,CANASTILLA AIVI PARA TOYOTA 2022 SC,9c3e9b81-311e-42f5-a3b1-65c634ff2c92,Canastilla de techo
3adeed22-b75c-445d-8346-0d45bec75542,ESTRIBOS PLANOS PARA TOYOTA AVANZA 22+,1a7bf761-64f4-4c6f-afc7-cb4d8e602e77,Estribos
7d485120-d373-4fca-83ac-4cb6f36879c2,TAPA ROLL AND LOCK DE BATEA,cc2dc414-eb3b-4340-a1fa-e3938e59e74c,Rin y tapa de rin
7027ff12-04f4-43a2-8272-f66740794e52,JUEGO DE FAROS 3 GR BRIGHT SERIES PARA TOYOTA,7dfa4ea7-9ba4-4038-b107-6a93d7a03312,Faro
9365010b-8d1b-4b81-b24f-bd73c7a404b9,FAROS DE NIEBLA PARA TOYOTA,7dfa4ea7-9ba4-4038-b107-6a93d7a03312,Faro
348e4f65-e2f9-4c74-9a04-04bd34c1da60,TAPETES INT/CAJUELA USO RUDO NEW TOYOTA YARIS,fcba7a92-822a-4c3d-930a-3dfe0b565f3d,Tapete de cajuela (alfombra)
ea1ab8d5-ef3e-4dd6-b251-e754e60004b1,TAPA ROLL AND LOCK PARA TOYOTA HILUX BED,cc2dc414-eb3b-4340-a1fa-e3938e59e74c,Rin y tapa de rin
a0cb936a-765c-4435-8af3-86b83266f8c7,SPORT BAR 2.0 PARA TOYOTA TUNDRA,,Sin categoría
5ca0e40b-d78b-42c2-bb4b-0e91a3041760,TAPA ROLUP ELECTRICA PARA TOYOTA TUNDRA,cc2dc414-eb3b-4340-a1fa-e3938e59e74c,Rin y tapa de rin
0988b5bf-26f9-4faf-a3fe-a508a8a2b279,TAPA ROLUP MANUAL PARA TOYOTA HILUX,bed5301a-db81-4b87-b193-940bac97466b,Transmisión manual
af85664a-c934-4d5a-b43b-02aa110ca338,BROCHA SUAVE DE LIMPIEZA,84daf8ea-2cc3-4dcc-976b-af4fd7f48c98,Sensor de pie
3a1fe2e0-52e9-4d05-8175-08710965ffb9,BUMPER STEP UNIVERSAL,108ba361-dd52-45a8-8c8e-d49b6d16bd51,Cardán y junta universal
fe81caa4-bb39-4211-9e44-7e22f213de03,BARRAS LATERALES PARA TOYOTA SIENNA,7418d2c5-b9e3-44c1-8ff1-b846ec5caa6a,Barra de luz
e11d096f-39cc-4695-8541-93065c29d2e7,BARRAS UNIVERSALES DE ALUMINIO,7418d2c5-b9e3-44c1-8ff1-b846ec5caa6a,Barra de luz
1ca8109a-ddf8-4101-a2fc-c2ec419a7583,CARCASA RAV4,,Sin categoría
3721b36a-9fe1-4919-a2df-78afe64805c1,CAJA THULE MOTION,b5bffdd9-0c8f-4ed6-9baa-08ac456da26d,Thule
e5dcd3b9-fea7-4d31-9245-3542f0aafe40,CENICERO,79a63ab0-30a1-4649-ab92-292375f0f15d,Cenicero
b33f7dfe-3605-4b22-a883-5d62b00955f1,CINTURON DE SEGUIDAD,2bd65d21-b354-4a5c-8b4a-f4911ced6267,Cinturón de seguridad
a3e72680-4d62-455d-9173-8886d934af9d,CARCASA  METALICA PARA LLAVE,fb2f9c86-5125-48a2-b356-401ff2c46b9b,Funda de llave
232e4b95-69b2-4abd-bff0-75eaba6b8b33,CARCASA CROMADA,,Sin categoría
46616d75-e334-443b-a8fc-505e7e912bfa,FUNDAS DE SILICONA,134410ce-264c-417e-b3d1-4266a8b50b7a,Funda de asiento
78e4c963-8feb-4e21-aa88-6209ca8cf04c,SIEN CARGO LINER,,Sin categoría
d68e3c12-43a6-4c5d-9f66-0fd2249e8e36,DOOR SILL RAV4 2019+,,Sin categoría
db1dc1dc-8e58-4479-bcdc-fd9903053d5e,MG KIT COROLLAP,1e9a436f-88a7-4b05-afdf-d77f214f157d,Body kit
595fdc2d-5aa0-4c99-a960-ae3b134562e8,"STRAINER SUB-ASSY, PKG TRAY TO FLR, RH",,Sin categoría
2334a343-0e77-4707-80c8-c3dec4e57a18,FR ASHTRY,,Sin categoría
419a43ef-62e6-4617-a1d0-2c7e4121b29d,LODERAS,,Sin categoría
51faf053-bafc-4710-9afd-4dca024e8612,SIEN MUDG HRDWR BLK,,Sin categoría
ba90efbc-96ac-43d0-a965-7bcd425e58fd,TACO TONCVR 5.5FT,,Sin categoría
fe261f40-f533-4523-b92a-322794a7de46,RAV4 TOW WIRE HARNES,ec12bef7-e092-49b3-b861-6abdf48cb917,Arnés
734cd06a-0e6e-49d0-be06-364824968816,SIEN TOW HITCH KIT,1e9a436f-88a7-4b05-afdf-d77f214f157d,Body kit
9ea5b9f6-44d1-47b4-9118-05ec4c76db37,TOW HITCH KIT RAV4,1e9a436f-88a7-4b05-afdf-d77f214f157d,Body kit
74bf368d-28cb-4652-a0ba-5ca38e4bd0b6,PROTECTOR DE ESQUINA SILICONA,577d0803-b936-4ea3-91f8-9e128ff21409,Protector catalítico
664a0c28-4da9-4e81-b311-75aec4cb1462,COROLLA CARGO TRAY,,Sin categoría
675e8dd0-9fdc-4e42-a865-0d8b3c61ee2c,COR CRS CTRY,,Sin categoría
a95a9cc7-9952-43e2-b1f7-2174183202c6,TUN  AWFL,,Sin categoría
7e89209c-0ccd-43e1-93b3-e5c1cf5a0c61,JUEGO DE TAPETES,d142e300-3a98-4d16-9710-2fc40408a8b5,Tapete de caja
99d0b9be-73ee-425c-8cb0-8afc5b0dbf8e,FJCRUISER CARGO MAT,,Sin categoría
f0374bb6-153e-4ae1-830e-7ef03c2e491e,TAPETE  DE USO RUDO,d142e300-3a98-4d16-9710-2fc40408a8b5,Tapete de caja
a676e3a4-063a-46f3-9137-33e8f0b08ceb,TACO PRO GRILLE,,Sin categoría
ca8460d4-a574-4954-a194-dde09aa8524a,TAPETES PRIUS,d142e300-3a98-4d16-9710-2fc40408a8b5,Tapete de caja
7f6a97e8-a134-4bb5-a4d0-f7e42af29d3b,PRIUS C AWM TUBSTYLE,,Sin categoría
a522787e-9a0d-4b39-b0f0-8b7bad357c7d,RAV EXHTP CHROME,,Sin categoría
b3cd6097-ff45-4c55-ab09-50a8813408d0,COR CRS TOW HITCH,,Sin categoría
fceb3980-d116-4740-a880-70ebe200627e,CUBIERTA DE PARACHOQUES,1cc7e93a-4e27-467a-a4ce-364d5f118073,Parachoques
75afba07-6eac-46bf-b895-f9b7c64f234a,"COVER, BUMPER FR",,Sin categoría
9b966a40-988e-4de1-907e-46eaac72c292,HLDR TOWHIT KIT W/WI,1e9a436f-88a7-4b05-afdf-d77f214f157d,Body kit
af031734-fc8d-46fe-bc8a-6352c043e0fe,HLDR BUMPER COVER,,Sin categoría
bdad06c8-69e4-48b5-b1af-91121690c787,WHEEL LOCK ALY BULK,,Sin categoría
dbbd23a5-9756-44dd-85b9-28ead9d40391,TACOMA ROOF RACK,662b9166-cd70-4553-b524-54a426984f52,Rack de caja
a20b87cd-43a2-47a9-961c-c649444577ce,XBAR KIT RAV,1e9a436f-88a7-4b05-afdf-d77f214f157d,Body kit
e4d9206d-529a-4cd1-b31b-b9603ad788cb,TAPONES,0b58efc6-2037-450f-82c4-f818b83b3bbc,Empaques de tapón de drenado
f0dfec8c-ebd0-4da7-8aee-0e6b3d106600,COR RRSPLRT 040,,Sin categoría
b89b9a58-efe1-4108-b749-544e70dcaf93,MOLDURAS LATERALES,40d27622-b57d-4a02-987b-b538ae62e504,Molduras laterales
f55ea4b9-3666-4bfe-ab02-31d243021d9b,MUDGUARD KIT HIGHLND,1e9a436f-88a7-4b05-afdf-d77f214f157d,Body kit
767e919d-8d22-4718-b30b-ff2f4523ea43,CARGO NET COROLLA,,Sin categoría
be9813cd-b751-49ff-97e8-a280f808e034,TOY CNET SPIDER,,Sin categoría
70728578-c40b-44fb-ae04-daf4a57aa90c,RED DE CARGA,865601b7-d735-462c-8d1b-2f1139e7308e,Red de carga
6a61247b-7684-4d8c-8bd3-c127d7e45601,RED DE CARGA,865601b7-d735-462c-8d1b-2f1139e7308e,Red de carga
6248e1fb-5ad6-42ea-816e-1d53ee7a28f3,RED DE CARGA,865601b7-d735-462c-8d1b-2f1139e7308e,Red de carga
c09707f6-304e-4b2c-a417-a75a041e69ce,ESTRIBO,e80d43d1-cf8a-42c8-aff7-f53cdb8303b8,Protectores de estribo
61049dd0-8557-4c75-9213-d9e0306c130d,TACO BED STEP,,Sin categoría
06e20c10-1dfb-4267-9d70-b22b2011ee0c,SIEN CGTRY NO SPARE,,Sin categoría
426aabeb-890d-419a-a505-392642e5e804,FOG BEZEL R FRONT,,Sin categoría
521d8916-6380-4a0b-86f4-f40cddd36f45,PLACA DE PROTECCION,50f57191-f288-4318-b4d4-a67dce365984,Marco de placa
6f670ca4-e095-44ad-8a6c-381d0300499b,COR DSP,,Sin categoría
5813e750-83dc-4a68-946e-482d58329d56,EMBLEMA DE USO AUTOMORIZ,6d868149-2f92-40bc-8edc-b189a4e0191f,Emblema exterior
ac8dce25-c94c-4aae-a80d-d8f6527a9bbd,COR CRS KG BLK/BLK,,Sin categoría
e9e245b4-6af0-4c27-bb55-00a76022868a,CRO KYGLV BLK 2P,,Sin categoría
b9b7c362-af40-471a-b287-891e6ab6a6fd,FUNDA DE PIEL PARA L,134410ce-264c-417e-b3d1-4266a8b50b7a,Funda de asiento
ecc186ad-8a1d-4a96-bb54-6c0e13f4c0ba,TOTE CARGO,,Sin categoría
bac94582-2726-4ede-bf39-f52cbed29f78,SHIFT KNOB TRD,c5e8fd82-bf16-4e7e-a240-a67516f89d0b,Partes de freno TRD
d8a8a4f9-045d-4b0c-8931-368226982205,BEDMAT TAC SHORT BE,db0a03ba-d33e-4d98-80bc-3bb5ce69bc44,Ensamble short block
e5e5c259-6c4c-4850-9c9e-e19042f38aba,CUBIERTA DE CAJUELA,e63666af-1baa-404a-982f-c429991f10f1,Tablero y cubierta de cajuela
89d94308-a4b0-43ea-9ad9-80b2fa0ec98a,REAR BMPR PRT COROLL,,Sin categoría
ae97264b-07ab-419e-a88c-2959eedaee9f,MOLDURA PRA CARROCERIA,b20da90f-f1b3-4330-b523-8168950f1026,Moldura
efb37e97-07cf-4fbf-b355-7282fbfdb3ca,"REAR,BMP,APPLQ HIGHL",,Sin categoría
7e99607d-f78d-412a-a434-124bdda1574b,RUEDA O RIM SIN NEUMATIC,8359a44f-8275-423a-a2bc-a2b87961d55e,Rueda y riel lateral
aa871d69-289d-4b65-b1f8-87d5063288e4,TACO RFRCK,,Sin categoría
9d702f68-f9a7-4518-bb32-8a2ed18c5512,TACOMA RUNNING BOARD,82a6a263-34d9-413e-9243-999470f42bcf,Sistema Eco-Run
8f082afd-bed7-4a37-b7d2-2ca1092fef94,HIGHLNDR CROSSBARS S,,Sin categoría
ef2d3153-0cf2-4da0-9284-82853ed16c40,TRAILER BALL,,Sin categoría
bfb48983-7ba5-4d30-920f-8c10d2d451eb,SIEN BSM BRN,,Sin categoría
ffc2c8dc-3003-4724-b62b-5b8b99f3b3d1,CMRY SPLR INSTAL KIT,1e9a436f-88a7-4b05-afdf-d77f214f157d,Body kit
b719a47d-61c6-4513-974e-cfd11500ba35,"4PC AWM, COROLLA TAPETES PLASTICO",d142e300-3a98-4d16-9710-2fc40408a8b5,Tapete de caja
d45e848d-8319-4e88-bdbe-4aeafa14fe70,CAMRY CARGO TRAY,,Sin categoría
ddec6dd0-207e-4a48-931a-17d8d5a83a85,CAMRY AWB TUB,,Sin categoría
0fd27f8c-55a3-46a5-b377-cb2ccb61685e,SEQ AWFL TRD PRO,c5e8fd82-bf16-4e7e-a240-a67516f89d0b,Partes de freno TRD
6d696fa3-f710-41ae-b7d4-cca6971e07d1,TACO AWFL  DCAB,,Sin categoría
277b8c64-50aa-4b45-ba9b-5ed77704e077,"AWM, AFL",,Sin categoría
cf322acb-830b-4daf-a018-2a5acba179ad,RAV TRD AWFL,c5e8fd82-bf16-4e7e-a240-a67516f89d0b,Partes de freno TRD
e4e69565-da7a-4ad7-b035-559fe4db23da,RAV CGTRY TRD,c5e8fd82-bf16-4e7e-a240-a67516f89d0b,Partes de freno TRD
5c0de2b7-4153-4122-b3f2-dcb4faf4a7ea,RAV4 CGTRY,,Sin categoría
cdebc963-02ae-4fa1-bd87-ffdb8d965ada,RAV AWFL BLK,,Sin categoría
91336117-ddcd-48b8-b30e-34dcf1578840,TAPAETE USO RUDO CAJUELA,95cc48d7-16f4-4b75-878f-7506189b966d,Puerta de cajuela y seguro
0cc235c2-897b-4360-831e-832d1bb01a88,PRS/PRSP AWCM BLK,,Sin categoría
d00f733e-5a9a-4edd-9ca1-70295b2811a1,JUEGO DE REVESTIMIENTO,d6737f71-3565-44f6-9523-27e985e0ed90,Juego de cilindros de llave
878bce5c-0e4d-4765-be58-554acc08c896,TAPETES HIGHLANDER,d142e300-3a98-4d16-9710-2fc40408a8b5,Tapete de caja
fcc89e4d-f984-4b1c-aa3f-49200392f869,AWFL TOYOTA SSL,,Sin categoría
7947811f-f81c-4194-8b54-8f5363fd899d,"CARGO TRAY,PRS C",,Sin categoría
fecf6657-45a4-437b-af0c-4c497d607683,TAPETES DE USO RUDO,d142e300-3a98-4d16-9710-2fc40408a8b5,Tapete de caja
a2d460a5-bb75-4bc2-b177-15345757c751,4RUN AWFL TRD PRO,c5e8fd82-bf16-4e7e-a240-a67516f89d0b,Partes de freno TRD
59fe81a6-7023-4daa-b67f-eeefef772650,REVESTIMIENTO,,Sin categoría
90bbff3b-fd0d-465d-91dd-a380a41fc24b,4RUNNER CGTRY,82a6a263-34d9-413e-9243-999470f42bcf,Sistema Eco-Run
8d25a14d-8f27-4271-8528-02ef961eeecc,TAPETES USO RUDO AVANZA SC,d142e300-3a98-4d16-9710-2fc40408a8b5,Tapete de caja
0140f558-157d-4e13-abda-b443781ed31e,CAMRY AWM TUB,,Sin categoría
4109d2f3-8102-4d26-a36b-22975023cf49,COR CRS BAR,,Sin categoría
4e9e8ff7-245e-42ee-b213-ffcd746e04bb,SEQ AWFL BLK,,Sin categoría
5d533f0d-75a5-4866-8994-c26d07d1fac0,TUN BEDMAT SHPORT BED,,Sin categoría
af375494-a79a-4c3a-b52b-29c85bffec68,TACO DEDMAT SHORT BE,db0a03ba-d33e-4d98-80bc-3bb5ce69bc44,Ensamble short block
b4f6db2e-2cb4-4d74-ad67-54ed0b63a3a3,COR CRS CGCR BLK RET,,Sin categoría
d77b0499-1bd4-48e6-9933-8f1fc9d33a20,COVER CARGO HIGHLAND,,Sin categoría
56ad637f-821d-40e4-92f0-27c73b05099e,DOOR SILL KIT CAMRY,1e9a436f-88a7-4b05-afdf-d77f214f157d,Body kit
ea6cbfb2-f357-4d6b-b7a0-eb0151270634,HDLR CGTRY,,Sin categoría
7d5b6b3f-ffb9-47c2-a515-ccfb2f59d234,BMPR APLQ BLK CMYDIO,,Sin categoría
6d335d65-444e-4050-81c9-be581d95d1d9,RCKR PNL BLK CAMRY,,Sin categoría
b4b396f5-41f4-4cf0-a30d-246672b26ccd,PROTECTOR DE PARACHO,577d0803-b936-4ea3-91f8-9e128ff21409,Protector catalítico
8cd2235c-8091-49b8-9628-64e759a18a73,TIRAS DE PLASTICO,,Sin categoría
98e0ac43-ca6a-4899-96db-1b0cf8667394,TIP BLK,,Sin categoría
b1b7f07c-646f-47ae-8218-8361ebbdc9e2,COR CRS DEG 3R3 RED,972f0215-7dbc-4486-b3bd-d90982adbaaa,Red de caja
e3cf0f61-b2c6-4422-ac88-b869d9393c64,DEG RAV 1D6 SILVER,,Sin categoría
e37d9618-c6fc-456d-a3e9-9697102e3ebe,DEG PRIUS 1G3 GRAY,,Sin categoría
89907563-e48e-47a7-9ec2-f658dd55f0e5,GUARDA PROTECTORA PA,0561cd27-f46a-4f8b-bcdf-e48c8d22669b,Placa protectora
6e61bc66-5eaf-4c39-a87c-0df92c680ab5,RAV4 BSM 6X3,,Sin categoría
55e81091-98c0-4271-a3c9-7f0d109ad168,RUNNING BOARD,82a6a263-34d9-413e-9243-999470f42bcf,Sistema Eco-Run
54637ed4-5ab3-4687-9d56-a7ab7b3ed3fa,MOLDURA PARA CARROCERIA,b20da90f-f1b3-4330-b523-8168950f1026,Moldura
e6659180-d6c2-4964-b7ef-10abf83a796a,SIENNA IDS,,Sin categoría
8dfcdf27-6635-4b04-9069-adf783798245,RUEDA SIN NEUMATICO,7fbb1678-9dc7-40ee-bbee-26419bacdb1b,Gobernador neumático
33d44a74-13d6-4d47-9262-e9951ee008f3,LAMPARA DE INCANDESC,,Sin categoría
f39d95f8-8d2c-45c4-b2cc-786f98c1170f,CAM ACCENT LIGHTING,,Sin categoría
d74be24c-16da-4bcb-a3b6-ff7a0e0c4d48,CAMH XSE GLOSS,,Sin categoría
57ef18bb-b576-4352-8155-3f5c8e52014f,BLACK OVERLAY TACOMA,,Sin categoría
c42397e3-47ab-4291-9018-4513c1ee3ba7,INSERT TG BLACK TACO,,Sin categoría
9dc8c659-cdce-4262-b445-e38a2361c040,EMBLEMA,6d868149-2f92-40bc-8edc-b189a4e0191f,Emblema exterior
8b4299b5-2853-443c-9617-608dfe664016,EMBLEMA PARA AUTOMOVIL,6d868149-2f92-40bc-8edc-b189a4e0191f,Emblema exterior
d371a0c7-7ca9-48f9-ae8e-df05c8cc9e13,4RUN EEMB RFLCTIVE B,82a6a263-34d9-413e-9243-999470f42bcf,Sistema Eco-Run
90e1cf65-de04-4c00-9e98-617edd26d499,4 RUN CROSS BAR,82a6a263-34d9-413e-9243-999470f42bcf,Sistema Eco-Run
602af588-9449-4c04-b9a8-d81577115c5a,4RUN HV CONSOLE,82a6a263-34d9-413e-9243-999470f42bcf,Sistema Eco-Run
79437e40-e53b-4790-ae0d-693575c60d29,TUN SSBX BLK RT,,Sin categoría
f35b53fe-12cd-4991-8957-7694e4f38154,CAJA DE SEGURIDAD,2cf26c4f-07e9-49cd-a096-994325d6acf4,Seguridad
8eda9e40-36e1-4e66-b6e0-7bc9b2875ff8,TRAILER BALL,,Sin categoría
f1ab116a-a0c8-4969-bc7a-2ba57cff2ebc,TAPETES CARGOMAT TOYOTA RAIZE,d142e300-3a98-4d16-9710-2fc40408a8b5,Tapete de caja
d5e90ca0-67e3-444a-bb4e-81f126432e90,PROTECTOR DILO DE PUERTA,0887ec01-1949-432f-8106-2a631638f76a,Protector de borde de puerta
7276a2b2-89cd-4b3c-8835-19d2513ec32d,MULTI CHARGE CABLE,3437201c-99be-4df8-aba1-3d851ee0a412,Cable de carga
93a0583f-0f22-413d-8064-fa04e9ef72fc,4RUN TRD WHELL W/CEN,c5e8fd82-bf16-4e7e-a240-a67516f89d0b,Partes de freno TRD
7d432156-d017-43ec-843a-a24515ca7bb0,FJ 4RUN 17 IM GRPHIT,82a6a263-34d9-413e-9243-999470f42bcf,Sistema Eco-Run
9d040f9b-ec61-4307-be4d-a7a109968416,TRD QUICKSHIFT MANUA,c5e8fd82-bf16-4e7e-a240-a67516f89d0b,Partes de freno TRD
a50b5994-f5d4-4487-afbd-7d3b46f71f2c,RINES,0a576a3e-9c6d-43c0-b54f-1fbd22224548,Rines
ca11704b-fa11-4427-a2ff-bf04a8d2dedd,TACOMA SHIFT KNOB,,Sin categoría
42aac75f-c058-49c8-982e-6bcd54f588fb,RAV/RAVH CCGMT W/SU,,Sin categoría
094d438d-051b-49c2-8c4b-7bc6a20aeba4,UNIV TABLET HOLDER,,Sin categoría
4762be73-6299-4421-859d-2c93e403dffa,MULTI CHARGE,,Sin categoría
47fc5320-b0d6-4d4a-80be-692341e7d168,TACO TOWHOOK,,Sin categoría
812c0a29-cf40-45c9-8948-6077dd0754a8,SKID PLATE FRONT,,Sin categoría
d10d60a8-54ba-49fc-a3a3-cd4c0757c5a0,MUDGUARD CAMRY KIT,1e9a436f-88a7-4b05-afdf-d77f214f157d,Body kit
52f2c62c-39cc-479d-a3c7-da6574551315,PROTECTOR DE FACIA TRASERA,a2e96bf0-28b4-40ec-9c27-ab155df8d8b6,Antiniebla trasera
dd79c457-5ef0-4394-bde5-a6e690e7c646,XBAR COROLLA,,Sin categoría
f3e8ecf6-e0b7-4398-b21f-09d163203e87,CRSBAR PRIUS,,Sin categoría
9d962036-2807-43ca-9916-30ae523a729b,PRS ALLOY WHLS,,Sin categoría
e97d51f9-6c4b-4e84-a041-675a6878d960,PORTABICICLETA YAKIMA HOLDUP,bbc06d5f-06b4-4fa7-b4b1-6c0d77b95961,Yakima
13ac3fbd-f038-4971-8877-4b36dcdfa2aa,PORTABICICLETA YAKIMA BACKROAD,bbc06d5f-06b4-4fa7-b4b1-6c0d77b95961,Yakima
67bb315e-d358-4824-8606-167134d94cc8,SUPAGLASS PROTECCION DE CRISTALES,775321cc-409f-4c87-9223-fbb88691fdbd,Cristales y relacionados
74484228-aa04-40b2-b58a-d0e62acd572d,KIT TAPETES RAIZE,1e9a436f-88a7-4b05-afdf-d77f214f157d,Body kit
3e648383-cd90-43fd-9052-fb3d693ba5ed,TAPA ROLUP ELECTRICA TACOMA,cc2dc414-eb3b-4340-a1fa-e3938e59e74c,Rin y tapa de rin
47c68df5-585a-4a0b-b3b8-b09089721bae,THULE FORCE XT S THULE FORCE,b5bffdd9-0c8f-4ed6-9baa-08ac456da26d,Thule
0cc43f4b-cce9-4455-b863-6d10aa15cd15,TAPONES DE VALVULA,0b58efc6-2037-450f-82c4-f818b83b3bbc,Empaques de tapón de drenado
ea275cc3-e4bb-422a-9119-557b828cf2b9,TAPETE CAJUELA,fcba7a92-822a-4c3d-930a-3dfe0b565f3d,Tapete de cajuela (alfombra)
becbd3e2-0ae8-4e41-bf9f-29916e7e571b,TAPETE INTERIOR,a8555b39-4983-4c3f-a5ee-5f8f3977e1e9,Aplique interior
66361b90-7348-4ab7-8afc-6e1be43699fe,TAPONES DE VULVA CON LLAVERO,fb2f9c86-5125-48a2-b356-401ff2c46b9b,Funda de llave
c7d7a793-a3b5-4c4f-a5fe-251a05803620,TERMO 18CM,,Sin categoría
6b69cbb1-b333-4dce-a6f5-0560b65bfae6,TERMO 23CM,,Sin categoría
17f49cf4-9a90-4a66-9c6c-c102f96bb835,EUROBUMPER DEL NG,d7facf1b-446e-44b4-8160-f529459da42e,Parrilla del radiador
dc47f9d9-cfa4-4d65-bc4c-19e95717da50,PROTECTOLUNA,,Sin categoría
d82e0c19-d472-4ab2-b46f-394fdd70ae36,GORRA TIPO RACING,,Sin categoría
48e78d48-8419-4a80-99f2-bf01ea761960,KIT DE ASISTENCIA EN EL CAMINO,8526e9c7-ad98-436c-853e-f0df1f7cae7e,Asistencia de carril
1884488b-d237-4149-9850-3822fe0c3e47,HDLDR BLMT,,Sin categoría
18944d6a-48b4-4c1b-907b-eaef29c8826c,FOG BEZEL L FRONT,,Sin categoría
21d64c45-0405-4ca0-9484-9674f1cdf0cb,COR CRS AWFL,,Sin categoría
20152895-5a5e-4cfa-b2c8-872f7fc5c0a5,SIENNA 21 AWFL 7PASS W/CO,,Sin categoría
24a0e207-ae2d-4c34-ab1a-a5175914ee23,"COVER, BUMPER FR",,Sin categoría
24ad13f9-3119-4482-be6c-d9b501aef10c,CAMRY FMAT BLACK GAS,,Sin categoría
28fe192d-84db-4b5a-b785-910741291112,PROTECTOR FACIA TRASERA,a2e96bf0-28b4-40ec-9c27-ab155df8d8b6,Antiniebla trasera
2ce967df-14d4-4015-8bc2-7711775a9608,MUDGUARD KIT RAV4,1e9a436f-88a7-4b05-afdf-d77f214f157d,Body kit
113d99cb-03bc-4fa3-806c-1c5c5537e28a,4RUN EEMB MATTE,82a6a263-34d9-413e-9243-999470f42bcf,Sistema Eco-Run
0331f2ab-e1eb-417a-9b08-e8b7a29d7940,GUARDAFANGOS DELANTEROS,f74e3ae8-a546-48e5-b7fe-e6aba0355735,Guardafangos
0b0787d4-d2b2-4720-a0e7-9023ea0aa3ce,LODERAS,,Sin categoría
178e754b-8570-4ce8-be7c-d1a54f8a5016,SIEN CFLM BLK,,Sin categoría
1cdf596d-32e1-44fe-8f07-9964d3a27bf3,TACOMA SE 17 IN FLT BL,,Sin categoría
23f97d5e-d945-4a92-93c5-e22945355c15,ESTRIBOS,1a7bf761-64f4-4c6f-afc7-cb4d8e602e77,Estribos
26dc4781-7a84-4ad4-8be0-c1de442170ca,TUNAWFL,,Sin categoría
351c35dc-902f-4160-80e6-beacec2793a4,MONTAJE,c0950b27-d795-47b0-bdd6-be308a94a8f6,Montaje de cabina y carrocería
374eeb89-3f3c-4d69-bd41-692d0f1287bb,SIENNA CRBR,,Sin categoría
39b03aab-fa59-4937-91b7-205fb73d1354,COR CRS BUMPCVR 2PC,,Sin categoría
3d52812c-6c88-4086-ad92-1c38509ef29e,TOY C-HR AWM,,Sin categoría
0791d5e9-98c2-414c-86a4-611ec2278c91,RAV ROCKER PANEL RT,caf56def-c441-4b3c-90a7-2428b5b2a88d,Panel de techo y panel trasero
0e70215c-99be-4047-bda8-3ce666e5e74f,RAV ROCKER PANEL LT,caf56def-c441-4b3c-90a7-2428b5b2a88d,Panel de techo y panel trasero
12fbc140-2c9e-4f59-8e48-f3bec516b6d0,CUBIERTA PARA TAPA,2752b8aa-a630-4dbc-aa6b-7be0da716102,Cubierta de carga
1f5708b7-3542-4792-b2b7-6126150c8f01,4RUN EEMB CHROME ILL,82a6a263-34d9-413e-9243-999470f42bcf,Sistema Eco-Run
23c4b42d-8758-4d44-8aaa-f58d94587bd5,JUEGO DE REVESTIMIENTO,d6737f71-3565-44f6-9523-27e985e0ed90,Juego de cilindros de llave
39e0fdc8-877c-479f-8f7e-119a52d12788,COR CRS DSPT STN STL/PLAS,,Sin categoría
3bf02080-b33c-4a29-9acd-c9bbe9f60ca5,ESTRIBO,e80d43d1-cf8a-42c8-aff7-f53cdb8303b8,Protectores de estribo
152a4158-b7ba-4824-acbc-376af5af0549,PRIUS FMAT BLACK,,Sin categoría
1ac22493-137d-465e-858f-3b6870ebc08f,RAV4 DEG SUPER WHITE,,Sin categoría
1d80b5a7-9368-4ad6-b081-2809df9e43f1,PROTECTOR DE PANTALLA,f23bea12-daf3-4959-9408-8820d04efb01,Protector de pantalla
1a49a317-457f-4e15-b695-ac97be5681bc,TUN SSBX BLK LEFT,,Sin categoría
2ef258b4-6ad4-4c14-b120-c25eacb002d9,GUARDA PROTECTORA,0561cd27-f46a-4f8b-bcdf-e48c8d22669b,Placa protectora
3b936a5d-4ab8-4e30-b02b-4590ff895218,RAV4 CGTRY,,Sin categoría
2acd6d76-bd0b-4562-9d6b-d589f3075de2,RNING BRD KIT,1e9a436f-88a7-4b05-afdf-d77f214f157d,Body kit
303f0d89-99d3-4d95-8513-35c44b28f05e,PARRILLA TRD PARA TOYOTA TUNDRA,0e804a0f-12cf-4f59-a210-efb40d5b4c53,Parrilla frontal
3a1b5fc9-1833-4726-a02b-d8ee202bf0f0,COR CRS MUDG HWR BLK,,Sin categoría
3ea460c9-6b7d-47fe-97ff-50fe5572c82f,BSM COROLLA 1K3 GRAY,,Sin categoría
03760fff-180e-4386-8abe-b89aa9267204,RED DE CARGA CON BOLSA,865601b7-d735-462c-8d1b-2f1139e7308e,Red de carga
Se instala y desinstala rápidamente.,,,Sin categoría
"La red tipo sobre se adapta a una amplia variedad de formas y tamaños.,,972.02,,true,false,[],,,0,2026-02-08 21:39:17.765159,2026-02-11 00:21:54.679069,refaccion,false,,,false,PT34708210,24111507",,,Sin categoría
f03cb42c-607d-4e0f-a4df-9907fc06033a,SEQ CROSS BAR,,Sin categoría
09dbcfab-534f-4474-aed6-b824e5313766,CAJA PARA HERRAMIENTAS,8b5ee1b6-3d18-46dc-8116-950642d40e4a,Herramientas
0364a994-34f9-42f2-861c-b52b8f34cc1e,LODERA,,Sin categoría